feature_1,feature_2,feature_3,feature_4,feature_5,feature_6,feature_7,feature_8,feature_9,feature_10,feature_11,feature_12,feature_13,feature_14,feature_15,external_label
-0.19541333903198896,0.10715504137335514,g,f,-0.2881005290905888,t,t,-0.2910826363654782,v,w,g,u,-0.9566132133203712,-0.057723279054486924,b,0
-0.0878518797046416,-0.8169118969280746,g,f,0.7408299319472283,t,t,0.2441904436241031,h,q,g,u,-0.06005052977584876,2.29131727116387,a,0
-0.037144334593177855,0.5604708978985848,g,f,-0.49388662129815225,f,t,-0.21632382631106742,h,q,g,u,-0.8561017017122409,-0.5918262489856002,a,0
-0.1948371169284496,-0.4856426171596376,g,t,0.535043839739665,t,t,0.45650546417862975,v,w,g,u,-0.6470377575673298,-0.3108526486900857,b,0
-0.19541333903198896,-0.36940778215316844,s,f,-0.49388662129815225,f,t,-0.15352642586536236,v,w,g,u,0.1741412922710949,-0.9571763058263143,b,0
-0.19541333903198896,1.0254102379244616,g,t,-0.49388662129815225,f,t,0.08271141390657576,v,m,g,u,-0.15252112045532865,0.047747291627012564,b,0
5.813622830710978,-0.11369114513893627,g,t,-0.49388662129815225,f,t,1.2788523747771483,h,r,g,u,-0.7475492691754602,0.1397176292612804,b,0
0.06369453352621028,-0.6018774521661068,g,f,-0.49388662129815225,f,t,-0.6529152770288265,v,cc,g,u,1.3722385106400086,-0.7251410503270154,a,0
-0.13510209219486918,-0.020703277133760935,g,f,-0.49388662129815225,f,t,0.5193028646243348,h,k,p,y,-0.8561017017122409,1.9327173308467718,b,0
0.08155741873593046,-0.7646062211751635,g,t,-0.49388662129815225,f,t,0.2815698486513085,v,w,p,y,0.03141494578754985,0.9269499688279924,b,0
-0.19541333903198896,-0.3229138481505808,g,t,-0.49388662129815225,f,f,-0.017465391566334695,h,c,g,u,-0.7897641040508749,-0.7960172738249833,b,0
-0.1569985321293649,0.4442360628921157,g,f,-0.49388662129815225,f,t,0.631441079705951,h,c,g,u,-0.5877359657185329,-0.13450585451061825,b,0
-0.19541333903198896,-1.0668167921919833,g,t,-0.49388662129815225,f,t,-0.365841446419889,v,k,g,u,0.24952492597719264,0.5683500285108942,a,0
0.32126581380830455,-1.0668167921919833,g,f,-0.49388662129815225,f,f,-0.6529152770288265,v,k,g,u,0.25756584690584305,1.397770596350206,b,0
-0.19541333903198896,-1.0668167921919833,g,t,0.9466160241547917,t,t,0.8302995144506837,v,q,g,u,1.1541285304503655,1.2079235691235068,a,0
-0.19541333903198896,0.7929405679115232,g,t,1.563974300777482,t,t,-0.5901178765831214,v,k,p,y,-0.06909656582058048,0.43503522716947896,b,0
-0.19541333903198896,1.234632940936106,g,t,0.12347165532453808,t,t,-0.37780285602859476,v,m,g,u,-0.7807180680061432,-0.27541453694110174,b,0
-0.1483552005762745,-0.36940778215316844,g,f,1.563974300777482,t,t,0.2830650248523967,v,q,g,u,0.22439704807516006,-0.6972968196670997,a,0
-0.19541333903198896,-1.0668167921919833,g,t,-0.49388662129815225,f,t,-0.4660182518927995,h,d,g,u,-0.906357457516306,-0.8171113879612832,b,0
-0.19541333903198896,-0.5088895841609314,g,f,0.9466160241547917,t,t,-0.44060025647429985,h,cc,g,u,0.7691694409912266,-1.041552762371514,a,0
0.036612094659860324,0.09553155787270823,g,f,3.004476946230426,t,t,0.08271141390657576,v,c,g,u,1.304895797862561,-0.5496380207130004,b,0
-0.19541333903198896,0.6767057329050541,s,f,-0.49388662129815225,f,t,-0.41518226105580014,v,c,g,u,-0.7555901901041105,-0.6972968196670997,b,0
0.04659994445454258,-1.0668167921919833,g,t,0.7408299319472283,t,t,1.6900258300764077,v,c,g,u,0.651570972409714,1.3699263656902902,a,0
-0.19330052465234462,-0.36940778215316844,g,f,-0.2881005290905888,t,t,0.257647029433897,h,x,g,u,1.9582206233154082,-0.3454469958736172,a,0
-0.19541333903198896,-0.22411423839508196,g,t,0.12347165532453808,t,t,-0.5153590665287107,v,q,g,u,0.350036437585323,0.8147292816228772,a,0
-0.19541333903198896,-0.4856426171596376,g,f,-0.08231443688302535,t,t,-0.21632382631106742,h,c,g,u,-0.8390147447388587,-1.3233701272324807,a,0
-0.19541333903198896,-1.0668167921919833,g,t,1.3581882085699186,t,t,0.8796403290865948,bb,i,g,u,1.6566860884910173,1.3066440232813905,a,0
-0.19541333903198896,-1.0668167921919833,g,t,3.004476946230426,t,t,3.8206519166271153,bb,d,g,u,2.762312716180451,2.1149704769844027,b,0
-0.19541333903198896,-1.0668167921919833,g,f,0.12347165532453808,t,t,1.42836999488597,h,e,g,u,0.7520824840178443,2.1858467004823705,b,0
1.7253270060992136,1.839054082969746,g,t,0.7408299319472283,t,t,0.8302995144506837,v,w,g,u,-0.7475492691754602,0.8915118570790085,b,0
-0.19541333903198896,-0.09044417813764244,g,t,0.535043839739665,t,t,0.8422609240593895,v,aa,g,u,2.0165173000481236,-0.19103808039590214,b,0
-0.19541333903198896,-1.0668167921919833,g,f,1.1524021163623552,t,t,1.7154438254949078,h,x,g,u,1.0114021839668204,0.8847617405553927,b,0
0.7649568335336124,-1.0668167921919833,g,t,2.592904761815299,t,t,1.6033056104132914,bb,i,g,u,0.5681464177749658,1.5175851646443896,b,0
0.5728827990204921,-1.0668167921919833,g,t,-0.49388662129815225,f,t,0.8302995144506837,v,e,g,u,0.07362978066296458,0.4417853436930948,a,0
-0.0878518797046416,-1.0668167921919833,g,t,0.535043839739665,t,t,-0.5407770619472103,v,q,g,u,1.2043842862544307,-0.7538290455523835,a,0
-0.18869074782402975,1.4554791274483974,g,t,1.7697603929850454,t,t,-0.06680620620224584,v,w,g,u,-0.6550786784959802,-0.3108526486900857,b,0
-0.0584645524241342,2.321428648246593,g,t,1.975546485192609,t,t,-0.11614702083815696,h,cc,g,u,-0.6379917215225981,-0.35979099348630134,b,0
-0.08958054601525968,0.6767057329050541,g,t,-0.08231443688302535,t,t,-0.5153590665287107,h,x,g,u,1.4054073094706914,-0.7183909338033996,a,0
-0.09937632177542882,0.4442360628921157,g,f,-0.08231443688302535,t,t,-0.5901178765831214,v,cc,p,y,-0.8390147447388587,-0.3176027652137015,b,0
-0.13779112867805288,-0.8924645396822797,g,t,1.7697603929850454,t,t,3.645716301099794,ff,ff,g,u,0.9360185502607226,1.9462175638940034,b,0
-0.15296497740458936,-1.0668167921919833,g,t,1.975546485192609,t,t,0.6807818943418621,v,c,g,u,0.8867679095727389,0.22409408580648,b,0
0.24309168176146462,-1.0668167921919833,g,f,1.7697603929850454,t,t,0.9304763199235943,h,c,g,u,2.0587321349235386,-0.21888231105581785,b,0
-0.17620593558067693,0.32800122788564656,g,f,-0.2881005290905888,t,t,-0.44060025647429985,h,w,g,u,-0.6721656354693624,-0.15559996864691816,b,0
-0.19541333903198896,-0.6599948696693413,g,t,0.7408299319472283,t,t,1.9143022602396402,v,w,g,u,1.8406221547338957,0.6805707157160095,b,0
-0.19253222851429214,-1.0668167921919833,g,f,7.737557067004386,t,t,7.857627659565298,v,c,p,y,4.672031436734927,2.101470243937171,b,0
-0.1408643132302628,-1.0668167921919833,g,t,1.7697603929850454,t,t,0.12009081893378117,h,c,g,u,0.40029219338938815,1.9251234497577034,b,0
0.04199016762622769,1.5775257042051902,g,t,4.239193499475807,t,t,-0.6274972816103268,h,q,p,y,-0.5465262459591995,0.800385284010193,a,0
-0.13779112867805288,0.7406348921586121,g,f,0.12347165532453808,t,t,1.1412961642770327,h,cc,g,u,-0.06005052977584876,0.03424705857978092,b,0
-0.19541333903198896,0.18851942587788356,g,f,-0.49388662129815225,f,f,0.38174665412421893,bb,i,g,u,-0.6470377575673298,0.8425735122827929,b,0
-0.19541333903198896,-0.4856426171596376,g,f,-0.49388662129815225,f,f,-0.6155358720016211,v,c,g,u,-0.8229329028815578,-0.6407645937818158,b,0
-0.19541333903198896,1.7867484072168347,g,t,-0.49388662129815225,f,t,-0.4032208514470944,h,c,g,u,-0.8561017017122409,-0.4863556783041007,a,0
-0.19541333903198896,0.5604708978985848,g,t,-0.49388662129815225,f,t,-0.14156501625665663,v,q,g,u,-0.7555901901041105,-0.4652615641678008,b,0
0.9186160611441087,1.2578799079374,g,t,-0.49388662129815225,f,t,-0.6529152770288265,v,w,g,u,-0.5465262459591995,0.4983175695783787,b,0
-0.1569985321293649,0.3221894861353231,g,t,-0.49388662129815225,f,t,-0.6648766866375322,v,w,g,u,-0.45405565527971964,0.2873764282153797,b,0
-0.19541333903198896,-1.0668167921919833,g,t,-0.49388662129815225,f,t,1.5524696195762921,h,cc,g,u,-0.3535441436715893,0.2308442023300958,b,0
-0.13779112867805288,-0.1369381121402301,g,t,-0.49388662129815225,f,t,-0.41518226105580014,v,w,p,y,1.3802794315686588,-0.6905467031434839,b,0
-0.19541333903198896,-1.0668167921919833,g,f,-0.49388662129815225,f,t,-0.6394586912190325,v,cc,g,u,-0.9566132133203712,-0.7040469361907155,b,0
-0.19541333903198896,0.7929405679115232,g,t,-0.49388662129815225,f,t,0.8302995144506837,h,i,g,u,-0.8561017017122409,1.0813588843057076,b,0
-0.19541333903198896,3.0653315922879956,s,t,-0.49388662129815225,f,f,1.0545759446139162,h,x,g,u,-0.052009608847198324,0.3084705423516796,b,0
-0.19541333903198896,-0.6018774521661068,g,f,1.7697603929850454,t,t,1.129334754668327,h,q,g,u,-0.3535441436715893,0.9902323112368921,b,0
-0.19541333903198896,0.09553155787270823,g,t,0.3292577475321015,t,t,-0.2910826363654782,v,m,g,u,1.5059188210788217,2.1293144745970864,b,0
-0.05519929383741116,0.38611864538888113,g,f,1.3581882085699186,t,t,0.23222903401539735,v,d,g,u,2.292923956970482,0.013152944443481022,b,0
-0.11858372522674085,-0.6018774521661068,g,t,-0.08231443688302535,t,t,-0.21632382631106742,v,q,p,y,-0.7978050249795253,-0.6829528220544157,a,0
-0.19541333903198896,-1.0668167921919833,g,f,-0.2881005290905888,t,t,-0.19090583089256777,v,q,g,u,-0.7887589889347936,-0.9360821916900144,a,0
-0.19541333903198896,-0.36940778215316844,g,t,-0.2881005290905888,t,t,0.6179844938961571,v,cc,g,u,-0.10226536465126349,-0.40872933828251695,b,0
9.408288386624024,1.955288917976215,g,t,-0.2881005290905888,t,t,-0.2043624167023617,v,cc,g,u,-0.6470377575673298,0.22409408580648,b,0
-0.1078275792940061,-1.0668167921919833,g,f,1.7697603929850454,t,t,-0.06680620620224584,v,c,g,u,-0.7555901901041105,0.3785030012841951,a,0
2.7064411743922316,0.4442360628921157,g,f,0.12347165532453808,t,t,-0.5901178765831214,v,m,g,u,-0.8812295796142735,-0.5074497924404006,b,0
0.3719733589197683,-0.6018774521661068,g,f,0.9466160241547917,t,t,-0.22828523591977318,h,w,g,u,0.350036437585323,-1.020458648235214,b,0
-0.09937632177542882,1.9262302092245978,g,t,-0.2881005290905888,t,t,-0.17894442128386204,h,x,g,u,4.094090244988178,0.3084705423516796,b,0
-0.19541333903198896,1.374114742943869,s,t,-0.49388662129815225,f,t,-0.19090583089256777,bb,e,g,u,0.5510594608015836,0.06884140576331246,b,1
-0.19541333903198896,-0.1369381121402301,g,t,-0.49388662129815225,f,t,3.0730638160830077,bb,d,g,u,-0.15252112045532865,0.27978254712631145,b,1
-0.19541333903198896,4.628690123125006,g,t,-0.49388662129815225,f,t,3.3720990563006508,v,cc,g,u,0.048501902760932,0.5961942591708099,a,1
-0.19541333903198896,1.2578799079374,s,f,-0.49388662129815225,f,t,2.549752145702132,v,m,g,u,-0.8561017017122409,1.0746087677820917,b,1
-0.1950291909629627,-0.1369381121402301,g,f,-0.49388662129815225,f,f,-0.17894442128386204,v,c,p,y,0.4505479491934533,1.1235471125783074,b,1
-0.19541333903198896,-0.1369381121402301,g,f,-0.2881005290905888,t,t,-0.552738471555916,v,q,g,u,0.10679857949364759,-0.9149880775537145,b,1
-0.19541333903198896,1.5077848032013088,g,t,-0.49388662129815225,f,t,-0.6274972816103268,v,aa,g,u,0.350036437585323,0.21650020471741174,b,1
-0.19541333903198896,-0.1369381121402301,g,t,-0.49388662129815225,f,t,-0.48994107111021096,v,aa,p,y,-0.8390147447388587,-1.041552762371514,a,1
-0.19157185834172655,-0.020703277133760935,g,f,-0.2881005290905888,t,t,0.08271141390657576,v,k,p,y,-0.7224213912734275,-0.8306116210085149,b,1
-0.19541333903198896,-0.25317294714669925,g,f,-0.49388662129815225,f,t,-0.5901178765831214,v,c,g,u,1.00336126303817,-0.844955618621199,b,1
-0.19541333903198896,-0.5205130676615783,g,f,-0.2881005290905888,t,t,-0.6648766866375322,ff,ff,g,u,2.862824227788581,1.5243352811680053,b,1
-0.19541333903198896,1.0719041719270492,s,f,-0.49388662129815225,f,t,-0.06680620620224584,v,m,g,u,-0.6550786784959802,-0.32435288173731736,a,1
-0.19541333903198896,0.6069648319011726,s,f,-0.49388662129815225,f,t,-0.5901178765831214,v,m,g,u,-0.8561017017122409,0.7016648298523094,b,1
-0.19541333903198896,0.6767057329050541,g,t,-0.49388662129815225,f,t,0.23222903401539735,v,d,g,u,-0.253032632063459,-0.2576954810666097,a,1
-0.19541333903198896,0.09553155787270823,g,t,-0.49388662129815225,f,t,-0.5288156523385046,v,aa,g,u,-0.8309738238102083,-0.35979099348630134,b,1
-0.19541333903198896,0.5604708978985848,s,t,-0.49388662129815225,f,t,0.8302995144506837,bb,c,g,u,-0.15252112045532865,0.4772234554420788,b,1
-0.19541333903198896,4.326479552108186,s,t,-0.49388662129815225,f,t,-0.4032208514470944,v,d,g,u,-0.8812295796142735,-0.2576954810666097,b,1
-0.19541333903198896,0.025790656868826728,g,f,-0.49388662129815225,f,t,0.5312642742330406,v,aa,p,y,-0.5123523320124352,-0.49310579482771655,b,1
-0.19541333903198896,0.32800122788564656,g,t,-0.49388662129815225,f,t,-0.365841446419889,v,aa,g,u,-0.052009608847198324,0.20975008819379592,b,1
-0.1902273401001347,-0.4856426171596376,g,t,-0.49388662129815225,f,t,-0.6648766866375322,j,j,g,u,-0.6550786784959802,1.4753969363717898,a,1
-0.19541333903198896,-0.4159017161557561,g,f,-0.49388662129815225,f,t,0.8302995144506837,h,c,p,y,1.606430332686952,2.6144790997319842,b,1
-0.19541333903198896,-0.36940778215316844,g,f,-0.49388662129815225,f,t,-0.5153590665287107,v,c,g,u,2.159243646531669,-0.007941169692818877,b,1
-0.19541333903198896,-1.0668167921919833,g,f,-0.49388662129815225,f,t,1.8769228552124348,v,aa,p,y,0.048501902760932,-0.2576954810666097,b,1
-0.17620593558067693,0.09553155787270823,g,t,-0.49388662129815225,f,t,2.1639966858213726,h,c,p,y,-0.6802065563980129,1.7563705366673044,b,1
-0.1521966812665369,-1.0668167921919833,g,t,-0.49388662129815225,f,t,-0.21632382631106742,v,c,p,y,-0.6550786784959802,-0.23322630866850194,b,1
-0.19541333903198896,-0.07300895288667206,g,t,-0.49388662129815225,f,t,-0.5153590665287107,bb,i,g,u,-0.24499171113480855,-0.247570306281186,a,1
-0.19522126499747583,-0.020703277133760935,g,f,-0.49388662129815225,f,t,-0.6274972816103268,v,aa,p,y,-0.8309738238102083,-0.7183909338033996,b,1
-0.19541333903198896,0.7929405679115232,s,t,-0.49388662129815225,f,t,-0.41518226105580014,bb,c,g,u,-0.8561017017122409,-0.2576954810666097,b,1
-0.19541333903198896,0.49072999689470337,g,t,-0.49388662129815225,f,t,0.23222903401539735,v,q,p,y,1.2546400420584958,-0.7605791620759994,a,1
-0.09937632177542882,-0.09625591988796589,g,t,-0.08231443688302535,t,t,-0.365841446419889,v,q,g,u,-0.7555901901041105,-0.2543204228048018,a,1
-0.11858372522674085,-0.11369114513893627,g,t,-0.49388662129815225,f,t,-0.5901178765831214,bb,c,p,y,-0.6048229226919151,0.5050676861019945,b,1
-0.19541333903198896,-0.6018774521661068,g,f,-0.49388662129815225,f,t,0.5312642742330406,v,c,p,y,2.3602666697479298,0.31522065887529543,b,1
-0.18811452572049037,-1.0668167921919833,g,f,-0.08231443688302535,t,t,-0.552738471555916,v,q,g,u,0.048501902760932,-1.0837409906441136,b,1
-0.19445296885942334,-0.36940778215316844,g,t,-0.08231443688302535,t,t,0.007952603852164964,v,k,g,u,1.4556630652747564,-0.5496380207130004,b,1
-0.19541333903198896,-0.6309361609177241,g,t,-0.08231443688302535,t,t,1.0545759446139162,h,i,p,y,-0.15252112045532865,-0.3108526486900857,b,1
-0.17044371454528331,-0.18343204614281777,g,f,3.6218352228531168,t,t,-0.6648766866375322,z,e,g,u,2.159243646531669,1.9673116780303033,b,1
-0.19541333903198896,0.5604708978985848,s,f,-0.49388662129815225,f,t,-0.5153590665287107,v,k,g,u,-0.7224213912734275,-0.23322630866850194,b,1
-0.19541333903198896,-0.36940778215316844,g,f,-0.49388662129815225,f,t,0.6807818943418621,v,aa,p,y,1.2546400420584958,-0.5496380207130004,a,1
-0.19541333903198896,-0.043950244135054765,g,t,-0.49388662129815225,f,t,2.3254757155388996,h,x,p,y,-0.5043114110837847,0.7936351674865773,b,1
-0.19445296885942334,-0.25317294714669925,g,t,0.535043839739665,t,t,-0.4271436706645059,v,c,g,u,-0.8058459459081757,-0.9926144175752982,a,1
-0.19541333903198896,0.8452462436644343,g,t,0.12347165532453808,t,t,0.38174665412421893,v,w,g,u,-0.253032632063459,-0.19778819691951796,b,1
-0.16717845595856026,-0.020703277133760935,g,f,0.12347165532453808,t,t,-0.5153590665287107,ff,ff,p,y,-0.7475492691754602,-0.5918262489856002,a,1
-0.19541333903198896,0.4442360628921157,g,t,-0.49388662129815225,f,t,-0.4032208514470944,v,w,g,u,1.5561745768828867,-0.5850761324619843,b,1
-0.19541333903198896,0.16527245887658973,g,t,0.12347165532453808,t,t,-0.365841446419889,bb,k,g,u,-0.8058459459081757,0.18865597405749604,a,1
-0.1550777917842337,-0.25317294714669925,g,t,0.12347165532453808,t,t,-0.2537032313382728,h,c,p,y,-0.7053344343000454,-0.9149880775537145,b,1
-0.19541333903198896,0.09553155787270823,g,f,-0.08231443688302535,t,t,-0.2791212267567725,v,q,g,u,-0.730462312202078,-0.5141999089640165,a,1
-0.19445296885942334,0.6767057329050541,g,t,0.9466160241547917,t,t,2.774028575865364,h,q,g,u,0.4505479491934533,0.5261618002382944,b,1
1.9561999955839842,-1.0668167921919833,g,f,2.592904761815299,t,t,1.2160549743314435,v,k,g,u,0.350036437585323,1.7707145342799884,b,0
0.060429274939487236,1.0254102379244616,g,t,0.7408299319472283,t,t,3.5216166764094723,v,m,g,u,0.4585888701221037,2.220441047665902,b,0
-0.18580963730633293,-0.6018774521661068,g,t,-0.2881005290905888,t,t,-0.5646998811646218,h,cc,g,u,1.1209597316196827,-0.9082379610300987,a,0
-0.13779112867805288,0.09553155787270823,g,f,-0.2881005290905888,t,t,-0.6529152770288265,v,q,g,u,0.2917397608526074,0.7092587109413776,b,0
-0.14585823812760393,-0.25317294714669925,g,t,13.293781556608597,t,t,-0.30304404597418394,v,cc,g,u,1.5561745768828867,-0.49310579482771655,b,0
-0.08650736146304976,-0.36940778215316844,g,t,1.975546485192609,t,t,-0.21632382631106742,v,aa,g,u,1.5561745768828867,-0.5707321348493003,a,0
-0.19541333903198896,-1.0668167921919833,g,t,0.12347165532453808,t,t,1.5405082099675862,v,q,g,u,0.38320523641600596,1.067858651258476,a,0
-0.19541333903198896,-0.36940778215316844,g,t,0.535043839739665,t,t,1.8769228552124348,v,q,g,u,0.8525939956259746,-0.6762027055307998,a,0
-0.003339304518868689,-1.0668167921919833,g,t,0.7408299319472283,t,t,1.5778876149947916,h,x,g,u,0.048501902760932,0.2873764282153797,b,0
0.2866924875959429,1.3159973254406345,g,t,1.975546485192609,t,t,0.08271141390657576,bb,m,g,u,-0.45405565527971964,1.3631762491666746,b,0
-0.040025445110874656,-0.4856426171596376,g,t,0.9466160241547917,t,t,0.08271141390657576,v,q,g,u,1.2546400420584958,-0.7394850479396995,b,0
-0.07824817797898559,0.5256004473966441,g,f,-0.08231443688302535,t,t,0.30698784406980817,bb,i,g,u,-0.10226536465126349,0.2451881999427799,b,0
-0.19541333903198896,0.5604708978985848,s,f,-0.49388662129815225,f,t,-0.41518226105580014,v,w,g,u,-0.253032632063459,-0.2610705393284177,a,0
-0.19541333903198896,-1.0668167921919833,g,t,-0.2881005290905888,t,t,3.2225814361918292,z,e,g,u,0.14901341436906232,3.0574554965942826,b,0
-0.1666022338550209,-0.4856426171596376,g,f,-0.2881005290905888,t,t,0.007952603852164964,v,c,g,u,-0.5877359657185329,-0.9360821916900144,b,0
9.619569824588456,1.1125863641793134,g,f,0.7408299319472283,t,t,1.2788523747771483,bb,e,g,u,0.651570972409714,1.3420821350303747,a,0
-0.12492216836567381,-1.0668167921919833,g,f,0.7408299319472283,t,t,0.08271141390657576,bb,c,g,u,0.048501902760932,0.39959711542049503,b,0
-0.003339304518868689,1.3043738419399875,g,t,1.975546485192609,t,t,0.9798171345595054,h,q,g,u,0.14901341436906232,0.09752940098868061,b,0
-0.19541333903198896,0.967292820421227,g,t,-0.49388662129815225,f,t,1.129334754668327,h,q,g,u,0.350036437585323,1.4399588246228059,b,0
-0.003339304518868689,0.09553155787270823,g,f,0.12347165532453808,t,t,-0.5153590665287107,v,aa,p,y,-0.8480607807835905,0.7092587109413776,b,0
-0.19541333903198896,0.11877852487400206,g,f,0.7408299319472283,t,t,0.6060230842874513,v,m,g,u,-0.4037998994756545,0.17431197644481194,b,0
-0.0801689183241168,-0.834347122179045,g,t,0.7408299319472283,t,t,-0.17894442128386204,v,w,g,u,0.9531055072341049,-1.070240757596882,a,0
0.7649568335336124,-1.0668167921919833,g,f,-0.08231443688302535,t,t,0.8302995144506837,h,q,g,u,1.7571976000991476,-0.38763522414621704,a,0
-0.19541333903198896,-0.014891535383437477,g,t,1.3581882085699186,t,t,-0.4779796615015052,h,cc,g,u,-0.2027768762593938,-0.02228516730550295,a,0
-0.14797105250724824,-1.0668167921919833,g,f,2.592904761815299,t,t,-0.6648766866375322,ff,j,g,u,2.259755158139799,2.1082203604607868,a,0
-0.12338557608956885,-0.4856426171596376,g,f,1.1524021163623552,t,t,-0.14156501625665663,h,cc,p,y,-0.8983165365876556,0.9691381971005922,b,0
-0.14201675743734152,-0.6018774521661068,g,f,-0.2881005290905888,t,t,-0.06680620620224584,v,w,g,u,1.2546400420584958,-0.7749231596886834,b,0
-0.036568112489638496,1.2520681661870763,g,f,1.3581882085699186,t,t,0.8557175098691834,h,cc,g,u,-0.6219098796652972,-0.35979099348630134,b,0
0.20256406047919623,-0.1369381121402301,g,f,0.7408299319472283,t,t,0.15747022396098656,h,cc,g,u,-0.45405565527971964,0.11102963403591226,b,0
-0.08362625094535296,-1.0668167921919833,g,t,0.12347165532453808,t,t,0.04533200887937036,v,q,g,u,-0.6550786784959802,-0.6972968196670997,b,0
0.24635694034818764,-1.0668167921919833,g,f,2.387118669607736,t,t,1.727405235103613,h,q,p,y,0.559100381730234,0.7438530581249092,a,0
0.3932935767507246,-1.0668167921919833,g,t,0.9466160241547917,t,t,0.5312642742330406,bb,c,g,u,0.350036437585323,-0.08556750971440265,a,0
0.22714953689687561,-1.0668167921919833,g,f,2.387118669607736,t,t,0.9798171345595054,v,c,g,u,2.0587321349235386,1.7985587649399042,a,0
-0.19426089482491024,1.4903495779503384,g,t,1.7697603929850454,t,t,-0.5407770619472103,h,cc,g,u,-0.8641426226408914,1.278799792621475,a,0
0.11228926425802971,-1.0668167921919833,g,f,2.387118669607736,t,t,0.5312642742330406,v,q,g,u,1.0536170188422351,2.262629275938502,a,0
-0.19541333903198896,-0.5263248094119017,g,t,1.975546485192609,t,t,0.6060230842874513,h,m,g,u,0.350036437585323,0.4907236884893104,b,0
0.2240763523446657,-0.7181122871725759,g,t,1.7697603929850454,t,t,-0.3404234510013894,v,c,g,u,-0.45405565527971964,-0.7116408172797838,b,0
-0.19541333903198896,-1.0668167921919833,g,t,0.12347165532453808,t,t,0.9798171345595054,h,cc,g,u,-0.6550786784959802,0.10427951751229643,b,0
-0.19541333903198896,-1.0668167921919833,g,t,1.7697603929850454,t,t,-0.6648766866375322,j,j,p,y,1.355151553666626,-0.8306116210085149,a,0
-0.19541333903198896,-0.6599948696693413,g,f,-0.2881005290905888,t,t,0.0946728235152815,h,x,p,y,-0.3455032227429389,-0.2543204228048018,a,0
0.45302860148430507,-1.0668167921919833,g,f,2.387118669607736,t,t,-0.6648766866375322,z,e,g,u,2.0587321349235386,3.1350818366158664,a,0
-0.19541333903198896,-0.014891535383437477,g,t,-0.08231443688302535,t,t,0.5806050888689517,h,k,g,u,-0.5545671668878499,-0.2965086510774016,b,0
0.18873472999425156,0.5604708978985848,g,t,-0.2881005290905888,t,t,-0.6529152770288265,bb,m,p,y,-0.9405313714630704,0.21650020471741174,b,0
1.2535931773349904,-0.25317294714669925,g,f,0.3292577475321015,t,t,-0.365841446419889,h,x,g,u,-0.5545671668878499,-0.32435288173731736,b,0
-0.19253222851429214,-1.0668167921919833,g,t,-0.08231443688302535,t,t,-0.14156501625665663,v,m,g,u,-0.5545671668878499,1.0535146536457918,b,0
-0.19157185834172655,1.2288211991857825,g,t,-0.2881005290905888,t,t,-0.16698301167515628,v,x,g,u,-0.6128638436205656,-0.5428879041893846,b,0
-0.19541333903198896,1.2171977156851357,g,t,-0.49388662129815225,f,t,-0.6529152770288265,h,e,p,y,-0.6048229226919151,0.040997175103396746,b,0
1.833080539461074,-0.9447702154351908,g,t,-0.49388662129815225,f,t,2.6245109557565427,v,q,g,u,2.3602666697479298,2.452476303165201,a,0
-0.03464737214450729,-0.8982762814326031,g,f,-0.49388662129815225,f,t,-0.14156501625665663,h,q,g,u,1.0536170188422351,0.786041286397509,a,0
-0.11858372522674085,-0.7181122871725759,g,t,-0.49388662129815225,f,t,-0.365841446419889,v,q,g,u,0.9531055072341049,-1.0280525293242821,b,0
1.9513981447211561,1.4903495779503384,g,f,-0.49388662129815225,f,t,-0.6529152770288265,v,cc,g,u,-0.8480607807835905,0.06884140576331246,a,0
-0.0726780309781051,-0.4740191336589907,g,t,-0.49388662129815225,f,t,2.0264404753212566,h,q,g,u,-0.30328838786752416,0.43503522716947896,b,0
-0.19541333903198896,1.438043902197427,g,t,-0.49388662129815225,f,f,-0.21632382631106742,v,d,p,y,-0.730462312202078,0.5050676861019945,b,0
-0.19541333903198896,1.083527655427696,g,t,-0.49388662129815225,f,t,-0.5901178765831214,v,aa,p,y,-0.4460147343510692,-0.5428879041893846,a,0
-0.19541333903198896,-1.0668167921919833,g,f,-0.49388662129815225,f,t,3.8206519166271153,bb,c,g,u,-0.9566132133203712,0.8282295146701087,b,0
0.19411280296061895,-0.9273349901842204,g,t,-0.49388662129815225,f,t,1.727405235103613,h,k,g,u,1.5561745768828867,2.066032132188187,b,0
-0.19541333903198896,-1.0668167921919833,g,t,-0.49388662129815225,f,t,1.8769228552124348,h,k,g,u,1.77428455707253,1.5454293953043052,a,0
-0.19541333903198896,-0.4856426171596376,g,f,-0.49388662129815225,f,t,-0.26566464094697856,h,q,g,u,1.1541285304503655,-0.7462351644633153,b,0
0.009145507724484128,0.4442360628921157,g,t,-0.49388662129815225,f,t,-0.552738471555916,v,w,p,y,-0.6550786784959802,-0.3808851076226012,b,0
-0.19541333903198896,-0.9505819571855142,s,t,-0.49388662129815225,f,t,0.23222903401539735,v,aa,g,u,1.5561745768828867,-0.5496380207130004,b,0
-0.1666022338550209,-0.1369381121402301,g,f,-0.49388662129815225,f,t,-0.2417418217295671,v,aa,g,u,0.7852512828485271,-0.458511447644185,a,0
-0.09169336039490401,-0.7181122871725759,g,f,0.3292577475321015,t,t,-0.30304404597418394,v,q,g,u,0.9028497514300398,-1.1048351047804135,a,0
-0.16506564157891596,-0.7181122871725759,g,f,2.387118669607736,t,t,-0.07876761581095157,v,aa,g,u,0.6857448863564782,-0.9571763058263143,b,0
2.6856971786648147,-1.0668167921919833,g,f,3.6218352228531168,t,t,3.8206519166271153,bb,c,g,u,-0.8983165365876556,1.3631762491666746,b,0
-0.19541333903198896,-0.6018774521661068,s,f,0.3292577475321015,t,t,-0.5153590665287107,bb,i,g,u,-0.48722445411040266,-0.8660497327574989,a,0
-0.19426089482491024,-0.4856426171596376,g,f,0.12347165532453808,t,t,-0.6155358720016211,v,q,g,u,-0.3535441436715893,-0.9149880775537145,a,0
0.38080876450737183,-1.0668167921919833,g,f,0.9466160241547917,t,t,0.9798171345595054,v,c,g,u,2.9633357393967117,2.1571587052570025,a,0
0.43017179137724376,-0.3171021064002573,g,f,0.9466160241547917,t,t,0.10812940932507542,v,q,g,u,0.18218221319974534,-0.7673292785996152,a,0
0.12246918808722508,-0.014891535383437477,g,f,1.3581882085699186,t,t,3.0730638160830077,h,c,g,u,0.7520824840178443,1.45430282223549,b,0
-0.09937632177542882,-1.0668167921919833,g,f,-0.2881005290905888,t,t,0.38174665412421893,bb,aa,g,u,0.350036437585323,0.7160088274649935,b,0
0.3932935767507246,-1.0668167921919833,g,f,0.9466160241547917,t,t,0.8302995144506837,v,c,g,u,0.048501902760932,0.7649471722612091,b,0
0.07925253032177303,0.6767057329050541,g,t,0.535043839739665,t,t,0.08271141390657576,v,c,g,u,-0.7475492691754602,-0.23997642519211776,a,0
-0.19541333903198896,-1.0668167921919833,g,f,-0.08231443688302535,t,t,-0.17894442128386204,h,q,g,u,-0.026881730945165747,0.13212374817221215,a,0
-0.19541333903198896,-1.0668167921919833,g,t,-0.49388662129815225,f,t,0.23222903401539735,v,c,g,u,1.1541285304503655,-0.8592996162338831,b,0
-0.19541333903198896,1.2578799079374,g,f,-0.49388662129815225,f,t,0.8676789194778891,h,i,g,u,-0.9154034935610378,0.8847617405553927,b,0
-0.0801689183241168,1.8971715004729803,g,f,-0.49388662129815225,f,t,0.08271141390657576,v,x,g,u,-0.763631111032761,0.8636676264190928,b,0
-0.19541333903198896,-0.6018774521661068,g,f,0.7408299319472283,t,t,0.257647029433897,v,w,p,y,-0.6379917215225981,-0.7462351644633153,b,0
-0.19541333903198896,0.06647284912109093,g,t,0.9466160241547917,t,t,1.8769228552124348,bb,i,p,y,-0.1444801995266782,0.2519383164663957,b,0
-0.1940688207903971,-0.22992598014540544,g,t,1.1524021163623552,t,t,-0.21632382631106742,bb,c,p,y,0.05654282368958243,-0.27541453694110174,b,0
-0.19541333903198896,1.1416450729309306,g,t,0.12347165532453808,t,t,0.2815698486513085,v,x,p,y,-0.3203753448409063,0.1397176292612804,b,0
-0.043674851766623946,-1.0668167921919833,g,f,1.975546485192609,t,t,3.9701695367359373,h,w,g,u,0.5761873387036162,1.4053644774392742,b,0
-0.0878518797046416,1.083527655427696,g,t,0.12347165532453808,t,t,-0.06680620620224584,v,aa,p,y,-0.5465262459591995,-0.3319467628263856,b,0
-0.11935202136479332,-0.7181122871725759,g,f,1.3581882085699186,t,t,-0.6529152770288265,v,x,g,u,1.0616579397708854,-0.7538290455523835,b,0
-0.06518714363209341,-1.0668167921919833,g,f,-0.2881005290905888,t,t,-0.2910826363654782,h,q,g,u,-0.8561017017122409,-0.6272643607345841,a,0
-0.13779112867805288,-1.0668167921919833,g,t,-0.49388662129815225,f,t,0.007952603852164964,bb,i,g,u,-0.7555901901041105,0.8282295146701087,a,0
-0.0801689183241168,-0.1369381121402301,g,f,0.7408299319472283,t,t,0.007952603852164964,v,c,g,u,-0.4037998994756545,-0.5639820183256845,b,0
-0.19541333903198896,-0.7820414464261339,g,t,-0.08231443688302535,t,t,-0.4525616660830056,v,q,g,u,1.1038727746463004,-0.9082379610300987,a,0
0.0325785399350848,-0.7762297046758105,g,f,-0.2881005290905888,t,t,-0.6394586912190325,v,w,p,y,-0.5294392889858174,0.4063472319441108,b,0
1.0703545484094736,-1.0668167921919833,g,f,1.1524021163623552,t,t,3.5216166764094723,h,q,g,u,1.4556630652747564,0.3295646564879795,a,0
-0.19541333903198896,-0.1369381121402301,p,f,-0.49388662129815225,f,f,-0.6648766866375322,missing,missing,missing,missing,-0.9566132133203712,3.3806173251623965,a,0
-0.16314490123378475,1.147456814681254,g,f,0.7408299319472283,t,t,1.0291579491954164,h,q,g,u,0.9199367084034221,-0.23997642519211776,b,0
0.04852068479967378,-0.19505552964346468,g,f,0.9466160241547917,t,t,0.6807818943418621,v,k,g,u,-0.45405565527971964,0.3084705423516796,b,0
0.03699624272888657,-0.3868430074041388,g,f,2.7986908540228628,t,t,1.2788523747771483,bb,c,g,u,-0.10226536465126349,0.6738205991923937,b,0
-0.19541333903198896,1.2520681661870763,g,t,2.387118669607736,t,t,2.3254757155388996,h,cc,g,u,0.22439704807516006,0.6594766015797096,b,0
-0.19541333903198896,-0.4856426171596376,s,t,-0.49388662129815225,f,t,0.9798171345595054,v,d,p,y,0.37516431548735557,-0.6061702465982842,b,0
-0.003339304518868689,-1.0668167921919833,g,t,2.592904761815299,t,t,4.717757637280045,ff,ff,g,u,1.9582206233154082,2.410288074892601,b,0
-0.052894405423253715,-0.7413592541738697,g,f,1.3581882085699186,t,t,0.38174665412421893,v,i,g,u,1.355151553666626,-0.7116408172797838,b,0
-0.19541333903198896,0.15946071712626628,g,f,-0.2881005290905888,t,t,0.9050583245050945,v,cc,p,y,-0.4118408204043049,-0.40872933828251695,b,0
-0.19541333903198896,0.269883810382412,s,f,-0.49388662129815225,f,t,0.38174665412421893,v,aa,g,u,-0.253032632063459,1.4053644774392742,b,0
-0.19541333903198896,0.7929405679115232,g,f,1.1524021163623552,t,t,1.42836999488597,h,cc,g,u,-0.1444801995266782,0.8147292816228772,b,0
1.5046339404436386,-1.0668167921919833,g,f,0.535043839739665,t,t,0.8302995144506837,ff,ff,g,u,1.355151553666626,2.059282015664571,b,0
-0.19541333903198896,-1.0668167921919833,g,f,0.535043839739665,t,t,1.9262636698483457,v,e,g,u,0.9782333851361374,1.890529102574172,b,0
-0.09937632177542882,-0.6018774521661068,g,t,0.3292577475321015,t,t,-0.365841446419889,v,c,p,y,0.9028497514300398,-1.0626468765078139,a,0
-0.19541333903198896,-0.16018507914152394,g,t,0.12347165532453808,t,t,0.019914013460870704,v,aa,g,u,1.564215497811537,1.5665235094406051,a,0
-0.19541333903198896,-0.9389584736848673,g,t,0.9466160241547917,t,t,5.3158281177153315,z,e,g,u,1.2546400420584958,2.8608583528439677,b,0
-0.19541333903198896,-1.0668167921919833,g,t,-0.49388662129815225,f,t,-0.2537032313382728,v,aa,g,u,0.8525939956259746,-1.1757113282783815,a,0
-0.19541333903198896,-0.4856426171596376,g,f,-0.49388662129815225,f,t,-0.6394586912190325,v,aa,g,u,0.9611464281627552,-1.070240757596882,a,0
-0.19541333903198896,0.25826032688176503,g,t,-0.49388662129815225,f,t,-0.6274972816103268,v,q,g,u,0.14901341436906232,0.5261618002382944,a,0
-0.19541333903198896,-0.1369381121402301,g,t,-0.49388662129815225,f,t,-0.5901178765831214,bb,c,g,u,-0.15252112045532865,-0.6972968196670997,b,0
-0.19541333903198896,-0.6018774521661068,g,f,-0.49388662129815225,f,t,-0.5153590665287107,v,k,g,u,0.14901341436906232,-1.1335231000057817,b,0
-0.19541333903198896,-0.11369114513893627,g,f,-0.49388662129815225,f,f,0.07075000429787003,v,x,p,y,0.744041563089194,-0.7605791620759994,a,0
-0.19541333903198896,-0.6018774521661068,g,t,-0.08231443688302535,t,t,-0.06680620620224584,v,q,g,u,-0.8812295796142735,-0.9993645340989141,b,0
-0.19541333903198896,-0.4856426171596376,g,f,-0.49388662129815225,f,t,-0.4660182518927995,v,cc,g,u,1.2546400420584958,-0.7960172738249833,b,0
1.160437270596127,-1.0668167921919833,g,f,0.9466160241547917,t,t,-0.4779796615015052,v,cc,g,u,-0.253032632063459,-0.5352940231003164,b,0
0.13188081577836797,1.9494771762258916,g,t,-0.08231443688302535,t,t,3.484237271382267,v,x,g,u,-0.3535441436715893,1.3420821350303747,a,0
-0.030805891454244887,0.4035538706398515,g,t,0.3292577475321015,t,t,0.6807818943418621,h,x,g,u,-0.6048229226919151,0.16756185992119613,b,0
-0.09937632177542882,1.763501440215541,g,t,-0.49388662129815225,f,t,1.0545759446139162,v,w,g,u,1.8074533559032129,-0.32435288173731736,b,0
1.0914826922059169,-1.0668167921919833,g,f,2.1813325774001724,t,t,2.3254757155388996,bb,i,g,u,3.2648702742211024,2.27022315702757,a,0
0.2853479693543511,0.2117663928791774,g,f,0.535043839739665,t,t,-0.041388210783746174,v,q,g,u,-0.5877359657185329,-0.9149880775537145,a,0
-0.19541333903198896,-1.0668167921919833,g,t,-0.49388662129815225,f,t,-0.6648766866375322,bb,i,g,u,-0.906357457516306,-0.4509175665551167,b,0
1.6869121991965894,-0.6018774521661068,g,f,-0.2881005290905888,t,t,-0.2417418217295671,v,aa,g,u,0.5510594608015836,-0.8592996162338831,b,0
-0.19541333903198896,-1.0668167921919833,s,f,-0.49388662129815225,f,t,0.7047047135592737,v,q,g,u,-0.026881730945165747,0.9547941994879082,b,0
-0.1577668282674174,1.955288917976215,g,f,0.7408299319472283,t,t,0.08271141390657576,v,x,g,u,1.0787448967442679,0.5615999119872783,b,0
-0.19541333903198896,-0.834347122179045,s,f,-0.49388662129815225,f,t,0.08271141390657576,v,c,p,y,1.0536170188422351,-0.9293320751663986,b,0
-0.19272430254880527,-0.36940778215316844,g,f,0.12347165532453808,t,t,-0.14156501625665663,v,w,g,u,4.086049324059528,1.41211459396289,b,0
-0.19541333903198896,-0.6599948696693413,g,t,-0.49388662129815225,f,t,2.6245109557565427,v,w,g,u,0.048501902760932,-0.2686644204174859,b,0
4.937957307365663,-0.1369381121402301,g,f,0.535043839739665,t,t,0.14550881435228083,v,q,g,u,0.5510594608015836,-1.0769908741204979,a,0
-0.13779112867805288,-0.36940778215316844,g,f,-0.08231443688302535,t,t,-0.21632382631106742,v,i,g,u,-0.5545671668878499,-1.0980849882567978,b,0
3.26710528113603,-0.020703277133760935,g,t,-0.2881005290905888,t,t,-0.05484479659354009,h,c,p,y,-0.3455032227429389,0.1397176292612804,b,0
0.18873472999425156,-0.555383518163519,g,t,-0.2881005290905888,t,t,3.5216166764094723,h,cc,g,u,0.7520824840178443,1.1378911101909914,b,0
-0.17639800961519003,-0.6018774521661068,g,f,1.7697603929850454,t,t,-0.5781564669744157,h,q,g,u,-0.9143983784449565,-0.9993645340989141,a,0
-0.11013246770816355,-0.642559644418371,g,f,-0.08231443688302535,t,t,0.755540704396273,bb,c,g,u,1.606430332686952,-0.5918262489856002,missing,0
-0.19541333903198896,-0.363596040402845,g,f,0.7408299319472283,t,t,-0.5781564669744157,v,x,g,u,1.2546400420584958,-0.8171113879612832,b,0
0.03507550238375536,-1.0668167921919833,g,f,1.7697603929850454,t,t,5.3158281177153315,z,e,g,u,3.365381785829233,0.7371029416012934,b,0
-0.19541333903198896,1.664701830460042,g,t,0.7408299319472283,t,t,0.8302995144506837,h,q,g,u,0.048501902760932,0.8358233957591771,b,0
0.38080876450737183,-1.0668167921919833,g,f,1.7697603929850454,t,t,-0.365841446419889,h,x,g,u,1.2546400420584958,-1.1546172141420816,a,0
-0.19541333903198896,-0.4856426171596376,g,f,-0.2881005290905888,t,t,-0.5273204761374164,h,x,g,u,1.2797679199605285,-0.7040469361907155,b,0
0.19065547033938277,1.1416450729309306,g,f,-0.49388662129815225,f,f,-0.5901178765831214,v,k,g,u,-0.8309738238102083,-0.2576954810666097,b,1
-0.1929163765833184,0.7929405679115232,g,f,-0.49388662129815225,f,f,-0.3404234510013894,h,c,g,u,1.1038727746463004,-1.1259292189167134,b,1
-0.19541333903198896,-0.2764199141479931,g,t,-0.49388662129815225,f,f,-0.06680620620224584,v,c,g,u,1.2636860781032275,-0.9715203034389983,b,1
-0.19541333903198896,-0.22992598014540544,g,f,-0.49388662129815225,f,f,-0.5153590665287107,v,d,g,u,-0.9566132133203712,-0.9715203034389983,b,1
-0.003339304518868689,0.09553155787270823,g,f,-0.49388662129815225,f,f,-0.6529152770288265,v,i,g,u,0.9611464281627552,-0.9082379610300987,a,1
-0.19541333903198896,-0.2996668811492869,g,f,-0.49388662129815225,f,f,-0.6155358720016211,v,c,p,y,-0.6048229226919151,-0.5918262489856002,a,1
-0.19541333903198896,0.6302117989024664,g,t,-0.49388662129815225,f,f,1.0545759446139162,h,d,g,u,-0.48722445411040266,0.10427951751229643,b,1
-0.19541333903198896,-1.0668167921919833,g,f,-0.49388662129815225,f,f,-0.6648766866375322,ff,ff,p,y,-0.9566132133203712,1.7428703036200726,a,1
-0.17236445489041452,-1.0668167921919833,g,f,-0.49388662129815225,f,f,-0.5646998811646218,o,i,g,u,-0.6882474773266632,1.4053644774392742,a,1
-0.1892669699275691,-0.17180856264217084,g,t,-0.49388662129815225,f,f,-0.6648766866375322,h,x,p,y,1.1541285304503655,-0.9360821916900144,a,1
-0.19541333903198896,-0.22411423839508196,g,f,-0.49388662129815225,f,f,-0.6648766866375322,ff,ff,g,u,-0.8390147447388587,1.623055735325889,b,1
-0.05673588611351612,-0.25317294714669925,g,f,-0.49388662129815225,f,f,-0.6529152770288265,v,c,p,y,-0.939526256346989,-1.2178995565509814,b,1
-0.19541333903198896,-0.4856426171596376,g,f,-0.49388662129815225,f,f,-0.6648766866375322,dd,e,p,y,-0.7133753552286959,-1.1124289858694818,b,1
-0.19541333903198896,0.5139769638959972,g,f,-0.49388662129815225,f,f,-0.2910826363654782,v,d,g,u,0.24952492597719264,0.040997175103396746,a,1
-0.19541333903198896,0.4442360628921157,g,t,-0.49388662129815225,f,t,-0.6274972816103268,v,q,g,u,-0.6470377575673298,2.3756937277090695,b,0
-0.18773037765146414,0.09553155787270823,g,f,-0.49388662129815225,f,f,-0.6020792861918272,n,q,g,u,-0.9234444144896883,-1.1402732165293976,b,0
-0.19541333903198896,-0.1369381121402301,p,f,-0.49388662129815225,f,f,-0.6648766866375322,missing,missing,missing,missing,-0.9566132133203712,0.5118178026256103,b,0
-0.19541333903198896,0.5604708978985848,g,t,-0.49388662129815225,f,f,-0.2910826363654782,v,c,g,u,-0.45405565527971964,0.06884140576331246,b,1
-0.19541333903198896,-0.25317294714669925,g,f,-0.49388662129815225,f,f,-0.6529152770288265,v,m,p,y,0.40029219338938815,-1.1335231000057817,b,1
-0.19541333903198896,-0.1369381121402301,g,f,-0.49388662129815225,f,f,-0.6274972816103268,v,k,p,y,1.0787448967442679,0.5683500285108942,b,1
-0.19541333903198896,0.9091754029179924,s,t,-0.49388662129815225,f,f,0.007952603852164964,h,cc,g,u,-0.45405565527971964,-0.07122351210171857,b,1
-0.19541333903198896,-0.36940778215316844,g,f,-0.49388662129815225,f,f,-0.5033976569200049,v,d,g,u,0.19122824924447704,-1.0913348717331819,b,1
-0.10244950632763875,-0.6018774521661068,g,f,-0.49388662129815225,f,f,-0.5781564669744157,h,i,g,u,0.13192645739568018,-1.041552762371514,a,1
-0.19541333903198896,0.9091754029179924,g,f,-0.49388662129815225,f,f,-0.6155358720016211,h,q,p,y,1.0536170188422351,-1.1259292189167134,a,1
-0.19541333903198896,-0.1369381121402301,g,f,-0.49388662129815225,f,f,-0.6648766866375322,ff,ff,p,y,1.7571976000991476,-0.5850761324619843,b,1
-0.19541333903198896,0.09553155787270823,s,f,-0.49388662129815225,f,t,-0.6394586912190325,v,m,g,u,-0.7887589889347936,-1.2879320154834968,b,1
-0.15623023599131242,0.5604708978985848,g,f,-0.49388662129815225,f,f,-0.5901178765831214,h,c,p,y,-0.7807180680061432,-0.8727998492811146,b,1
-0.19522126499747583,0.32800122788564656,g,f,-0.49388662129815225,f,f,-0.6274972816103268,h,cc,p,y,-0.8390147447388587,-0.6407645937818158,b,1
-0.19541333903198896,-0.6018774521661068,s,f,-0.49388662129815225,f,f,-0.5901178765831214,v,c,g,u,-0.06005052977584876,-1.1681174471893132,b,1
-0.17659008364970316,-0.4391486831570499,g,f,-0.2881005290905888,t,f,-0.5901178765831214,v,q,g,u,-0.7053344343000454,-1.2668379013471969,a,1
0.8709817005848548,-1.0668167921919833,g,f,-0.08231443688302535,t,f,-0.6274972816103268,v,c,g,u,1.5813024547849195,-0.6972968196670997,b,1
-0.19522126499747583,-0.36940778215316844,g,f,-0.2881005290905888,t,f,-0.6155358720016211,h,w,g,u,1.0536170188422351,-1.1757113282783815,b,1
-0.17524556540811131,0.09553155787270823,g,t,-0.08231443688302535,t,f,-0.6648766866375322,ff,ff,g,u,-0.6550786784959802,-0.2576954810666097,a,1
0.34297017970828714,0.9091754029179924,g,f,-0.2881005290905888,t,f,-0.5781564669744157,v,w,g,u,-0.8400198598549401,-0.16994396625960223,b,1
-0.19522126499747583,0.09553155787270823,g,f,-0.2881005290905888,t,f,-0.6155358720016211,v,c,p,y,-0.873188658685623,-1.070240757596882,b,1
-0.19541333903198896,-0.1369381121402301,g,f,-0.49388662129815225,f,f,-0.6648766866375322,j,j,p,y,-0.6048229226919151,-0.823861504484899,a,1
-0.19541333903198896,0.7929405679115232,s,t,-0.49388662129815225,f,f,-0.5153590665287107,v,m,g,u,-0.8058459459081757,-0.7183909338033996,b,1
-0.19522126499747583,-0.36940778215316844,g,f,-0.2881005290905888,t,f,-0.365841446419889,v,w,g,u,1.0536170188422351,-1.1191791023930977,a,1
-0.11013246770816355,0.5139769638959972,g,f,-0.2881005290905888,t,f,-0.6155358720016211,v,w,g,u,-0.8480607807835905,-0.5141999089640165,b,1
-0.19522126499747583,0.2117663928791774,g,f,-0.08231443688302535,t,f,-0.6274972816103268,v,w,g,u,-0.4711426122531018,0.3574088871478952,b,1
-0.1712120106833358,-0.1369381121402301,g,f,-0.2881005290905888,t,f,-0.6648766866375322,ff,ff,g,u,-0.8892705005429239,-1.3022760130961808,a,1
-0.19464504289393647,0.09553155787270823,g,t,-0.08231443688302535,t,f,0.2441904436241031,ff,ff,g,u,-0.32841626576955674,0.03424705857978092,a,1
-0.19426089482491024,-0.6599948696693413,g,f,-0.2881005290905888,t,f,0.5312642742330406,ff,ff,g,u,0.8525939956259746,3.177270064888466,b,1
-0.19541333903198896,3.1176372680409066,g,t,-0.08231443688302535,t,f,-0.14156501625665663,v,aa,g,u,-0.45405565527971964,0.11862351512498051,b,1
-0.19137978430721342,-0.6018774521661068,g,f,-0.2881005290905888,t,f,-0.4660182518927995,v,aa,g,u,-0.4037998994756545,-1.2811818989598809,b,1
-0.16218453106121913,-0.020703277133760935,g,t,-0.08231443688302535,t,f,0.3324058394883078,v,c,g,u,1.4807909431767892,-0.7884233927359151,b,1
-0.19349259868685775,-1.0668167921919833,g,f,-0.2881005290905888,t,f,1.2788523747771483,ff,ff,g,u,-0.5545671668878499,2.1993469335296023,a,1
-0.19541333903198896,0.5604708978985848,s,t,-0.49388662129815225,f,f,-0.5901178765831214,v,d,g,u,-0.9234444144896883,-1.1191791023930977,b,1
-0.19541333903198896,0.5604708978985848,s,t,-0.49388662129815225,f,f,-0.5153590665287107,v,c,g,u,-0.7555901901041105,-0.6829528220544157,b,1
-0.19541333903198896,-0.36940778215316844,g,f,-0.49388662129815225,f,f,-0.6394586912190325,v,q,g,u,-0.3786720215736219,-1.3157762461434126,a,1
-0.19522126499747583,0.5604708978985848,g,f,-0.49388662129815225,f,f,-0.21632382631106742,h,q,g,u,1.7903663989298304,-0.5707321348493003,a,1
-0.19541333903198896,-1.0668167921919833,g,t,-0.49388662129815225,f,t,-0.6648766866375322,ff,ff,p,y,4.337328103079853,1.45430282223549,b,1
-0.19061148816916093,-0.1369381121402301,g,f,-0.49388662129815225,f,f,0.6807818943418621,ff,ff,g,u,-0.4037998994756545,-0.6762027055307998,b,1
-0.19541333903198896,-0.6018774521661068,g,f,-0.49388662129815225,f,f,-0.5407770619472103,ff,ff,g,u,1.1119136955749507,-1.0913348717331819,b,1
-0.19541333903198896,-0.25317294714669925,s,t,-0.49388662129815225,f,f,-0.5901178765831214,h,k,g,u,-0.697293513371395,-0.3176027652137015,b,1
-0.19157185834172655,-0.1369381121402301,g,f,-0.49388662129815225,f,f,-0.6648766866375322,j,j,p,y,-0.3535441436715893,0.019903060967096844,a,1
-0.19426089482491024,1.0254102379244616,g,t,-0.49388662129815225,f,f,-0.365841446419889,v,w,g,u,-0.052009608847198324,-0.5639820183256845,a,1
-0.19426089482491024,-0.4159017161557561,g,t,-0.49388662129815225,f,f,0.03337059927066462,v,c,p,y,-0.6048229226919151,-1.055896759984198,b,1
-0.19522126499747583,0.09553155787270823,g,f,-0.49388662129815225,f,f,-0.6274972816103268,v,aa,g,u,-0.9143983784449565,-1.2811818989598809,a,1
-0.1873462295824379,-0.6018774521661068,g,f,-0.49388662129815225,f,f,-0.5407770619472103,v,d,g,u,1.0536170188422351,-1.0913348717331819,a,1
-0.19541333903198896,-0.7181122871725759,g,f,-0.49388662129815225,f,f,-0.5901178765831214,v,aa,p,y,-0.9566132133203712,-1.2879320154834968,b,1
-0.19541333903198896,0.7929405679115232,s,t,-0.49388662129815225,f,t,-0.5153590665287107,v,m,g,u,-0.8058459459081757,-0.7183909338033996,b,1
-0.15623023599131242,0.5604708978985848,g,f,-0.49388662129815225,f,f,-0.5901178765831214,h,c,p,y,-0.906357457516306,-0.8727998492811146,b,1
19.01199011228004,1.548466995453573,p,t,-0.49388662129815225,f,f,-0.6648766866375322,o,ff,gg,l,3.465893297437363,-1.1824614448019972,b,0
-0.19522126499747583,1.839054082969746,s,t,-0.49388662129815225,f,f,-0.6648766866375322,bb,m,p,y,-0.9566132133203712,-1.041552762371514,b,0
-0.17370897313200637,0.2815072938830589,g,t,-0.49388662129815225,f,f,-0.21632382631106742,v,c,p,y,-0.9314853354183387,0.4417853436930948,b,0
-0.19387674675588398,-0.19505552964346468,g,f,-0.49388662129815225,f,f,-0.21632382631106742,v,w,g,u,-0.6550786784959802,-0.8660497327574989,b,0
-0.19541333903198896,0.6767057329050541,s,t,-0.49388662129815225,f,f,2.3254757155388996,ff,cc,gg,l,-0.8812295796142735,-1.1335231000057817,a,0
-0.18696208151341165,0.6767057329050541,g,f,-0.49388662129815225,f,f,-0.552738471555916,v,cc,g,u,-0.8812295796142735,0.1819058575338802,a,0
0.3293329232578556,1.1416450729309306,g,f,1.7697603929850454,t,t,-0.5901178765831214,v,k,p,y,-0.9154034935610378,1.4399588246228059,b,0
-0.19541333903198896,-0.36940778215316844,g,f,-0.49388662129815225,f,f,-0.3165006317839779,v,w,g,u,-0.7053344343000454,0.1819058575338802,b,1
-0.1929163765833184,0.5604708978985848,g,f,-0.49388662129815225,f,f,-0.365841446419889,v,x,p,y,-0.7385032331307284,-0.16994396625960223,a,1
-0.16103208685414042,-0.07882069463699552,g,f,-0.49388662129815225,f,f,-0.6529152770288265,v,c,p,y,-0.7385032331307284,-0.11341174037431836,b,1
-0.19541333903198896,5.674803638183228,s,f,-0.49388662129815225,f,f,-0.5153590665287107,bb,i,g,u,-0.253032632063459,0.786041286397509,missing,1
-0.19541333903198896,0.09553155787270823,s,f,-0.49388662129815225,f,f,0.23222903401539735,v,w,p,y,-0.45405565527971964,0.27978254712631145,b,1
-0.19541333903198896,1.321809067190958,g,t,-0.49388662129815225,f,f,-0.6394586912190325,v,i,p,y,-0.15252112045532865,-0.2576954810666097,b,1
-0.19541333903198896,-0.1369381121402301,p,f,-0.49388662129815225,f,f,-0.6648766866375322,missing,missing,missing,missing,-0.9566132133203712,-0.9360821916900144,b,1
-0.1950291909629627,-1.0668167921919833,g,t,-0.49388662129815225,f,f,0.08271141390657576,v,c,p,y,-0.45405565527971964,0.14646774578489624,a,1
-0.19234015447977904,1.6065844129568074,g,f,-0.49388662129815225,f,f,-0.365841446419889,v,c,g,u,-0.45405565527971964,0.21650020471741174,b,1
0.008569285620944767,-0.020703277133760935,g,t,-0.49388662129815225,f,f,-0.365841446419889,v,d,g,u,1.5561745768828867,-0.5285439065767005,a,1
-0.19541333903198896,0.95566933692058,g,f,-0.49388662129815225,f,f,-0.5153590665287107,bb,cc,g,u,-0.45405565527971964,0.2730324306026956,b,1
-0.14720275636919578,0.2117663928791774,g,t,-0.49388662129815225,f,f,-0.6155358720016211,h,q,g,u,-0.8058459459081757,-0.32435288173731736,b,1
-0.15162045916299752,-1.0668167921919833,g,t,-0.49388662129815225,f,f,-0.365841446419889,v,c,g,u,0.350036437585323,1.3344882539413063,b,1
-0.19541333903198896,-0.1369381121402301,g,t,-0.49388662129815225,f,f,-0.5153590665287107,h,i,p,y,-0.7053344343000454,0.27978254712631145,a,1
-0.19541333903198896,-0.020703277133760935,g,f,-0.49388662129815225,f,f,-0.06680620620224584,v,aa,p,y,-0.3535441436715893,0.14646774578489624,a,1
-0.18254437871960988,0.6767057329050541,g,t,-0.49388662129815225,f,f,-0.44060025647429985,v,w,g,u,-0.3535441436715893,-0.2965086510774016,b,1
-0.19541333903198896,1.7228192479632767,g,f,-0.49388662129815225,f,f,0.23222903401539735,v,c,g,u,-0.15252112045532865,0.6383824874434098,a,1
-0.17620593558067693,-0.4391486831570499,g,f,-0.49388662129815225,f,f,-0.6529152770288265,v,aa,g,u,-0.1354341634819465,0.9480440829642923,b,1
0.5728827990204921,2.65269792801503,g,t,-0.49388662129815225,f,f,-0.5153590665287107,bb,i,g,u,-0.5043114110837847,-0.38763522414621704,b,1
-0.19541333903198896,-0.020703277133760935,g,f,-0.49388662129815225,f,f,-0.6648766866375322,bb,i,g,u,-0.4037998994756545,0.18865597405749604,b,1
-0.1950291909629627,0.6767057329050541,g,t,-0.49388662129815225,f,f,-0.5153590665287107,v,k,g,u,-0.6048229226919151,0.6248822543961781,b,1
-0.1931084506178315,-1.0668167921919833,g,f,-0.49388662129815225,f,f,-0.6648766866375322,z,e,g,u,0.4505479491934533,2.6355732138682844,b,1
-0.1719803068213883,1.095151138928343,g,t,-0.49388662129815225,f,f,-0.5901178765831214,v,c,g,u,-0.6550786784959802,0.06209128923969664,missing,1
0.03699624272888657,0.09553155787270823,g,f,-0.49388662129815225,f,f,0.08271141390657576,bb,c,p,y,-0.052009608847198324,-0.4019792217589011,b,1
-0.19541333903198896,-0.020703277133760935,g,t,0.12347165532453808,t,t,-0.48994107111021096,v,c,g,u,-0.8480607807835905,2.6845115586644996,b,1
-0.1948371169284496,-0.4856426171596376,g,t,-0.2881005290905888,t,f,0.007952603852164964,v,w,g,u,-0.6550786784959802,-0.3108526486900857,b,1
-0.19522126499747583,0.537223930897291,g,t,-0.49388662129815225,f,f,-0.6648766866375322,j,j,g,u,-0.5545671668878499,-0.4509175665551167,a,1
-0.19541333903198896,-0.4856426171596376,g,f,-0.49388662129815225,f,f,-0.6648766866375322,ff,ff,p,y,-0.8390147447388587,-0.7884233927359151,b,1
0.5728827990204921,-1.0668167921919833,g,t,-0.49388662129815225,f,f,-0.21632382631106742,v,m,p,y,1.355151553666626,-0.7605791620759994,b,1
-0.19541333903198896,-1.0668167921919833,s,t,-0.49388662129815225,f,f,-0.48994107111021096,v,d,g,u,-0.6379917215225981,-0.06447339557810275,b,1
-0.19541333903198896,0.21757813462950085,g,t,-0.49388662129815225,f,f,-0.5901178765831214,v,i,g,u,-0.5545671668878499,0.43503522716947896,b,1
-0.19522126499747583,0.7929405679115232,g,t,-0.08231443688302535,t,f,-0.365841446419889,v,aa,g,u,-0.9234444144896883,-1.3090261296197967,a,1
-0.19541333903198896,-0.09044417813764244,g,f,-0.49388662129815225,f,f,-0.6155358720016211,v,d,g,u,-0.6882474773266632,0.8147292816228772,b,1
-0.19541333903198896,1.1416450729309306,g,t,-0.49388662129815225,f,f,-0.6529152770288265,v,q,g,u,-0.9234444144896883,-1.0137085317115981,a,1
-0.19541333903198896,-0.36940778215316844,g,t,-0.49388662129815225,f,f,-0.6155358720016211,v,d,g,u,-0.3535441436715893,0.07643528685238071,b,1
-0.19541333903198896,-0.1369381121402301,g,f,-0.49388662129815225,f,f,-0.6648766866375322,ff,ff,g,u,-0.0097947739717836,0.4417853436930948,a,1
-0.19541333903198896,-0.4856426171596376,s,t,-0.49388662129815225,f,f,0.9798171345595054,v,k,g,u,0.14901341436906232,-0.10666162385070255,a,1
0.6128341981992211,-0.4856426171596376,g,t,-0.49388662129815225,f,f,-0.6394586912190325,ff,ff,g,u,-0.45405565527971964,-0.7116408172797838,b,1
-0.19541333903198896,-0.4856426171596376,g,f,-0.49388662129815225,f,f,-0.6648766866375322,ff,k,g,u,-0.8480607807835905,-0.39522910523528526,b,1
-0.19541333903198896,0.09553155787270823,s,f,-0.49388662129815225,f,f,-0.5781564669744157,v,k,p,y,-0.8892705005429239,-1.231399789598213,b,1
0.05428290583506739,0.7929405679115232,g,f,-0.08231443688302535,t,f,-0.6155358720016211,dd,e,g,u,-0.5545671668878499,-0.598576365509216,b,1
-0.17390104716651947,0.9789163039218739,g,t,-0.2881005290905888,t,f,3.484237271382267,v,m,g,u,-0.7053344343000454,0.9547941994879082,b,1
-0.003339304518868689,0.2117663928791774,g,f,-0.49388662129815225,f,f,-0.6155358720016211,v,aa,g,u,0.28269372480787563,-0.7394850479396995,a,1
-0.19541333903198896,1.2578799079374,s,f,-0.49388662129815225,f,f,-0.6155358720016211,v,m,p,y,-0.6128638436205656,0.6670704826687779,b,1
-0.19234015447977904,-0.9505819571855142,g,t,-0.49388662129815225,f,f,0.23222903401539735,h,k,p,y,1.355151553666626,-0.669452589007184,a,1
-0.1950291909629627,-0.2996668811492869,g,t,-0.49388662129815225,f,f,-0.44060025647429985,n,r,p,y,-0.8058459459081757,-0.8517057351448147,b,1
-0.19541333903198896,0.5604708978985848,g,t,-0.49388662129815225,f,f,1.42836999488597,v,w,p,y,-0.45405565527971964,0.12537363164859633,b,1
0.01778883927757454,-0.25317294714669925,g,t,-0.49388662129815225,f,f,-0.6648766866375322,dd,e,g,u,1.6566860884910173,-0.4374173335078851,b,1
-0.19541333903198896,0.32800122788564656,s,t,-0.49388662129815225,f,f,-0.365841446419889,h,k,g,u,-0.03492265187381618,1.1378911101909914,a,1
-0.19541333903198896,-0.4856426171596376,g,f,-0.49388662129815225,f,f,-0.6274972816103268,v,w,g,u,-0.6470377575673298,-0.44416745003150093,b,1
-0.0025710083808162076,0.4442360628921157,g,f,-0.49388662129815225,f,f,-0.6529152770288265,v,aa,g,u,-0.8390147447388587,-0.28216465346471753,missing,1
-0.19541333903198896,0.4442360628921157,g,f,-0.49388662129815225,f,f,-0.365841446419889,dd,e,p,y,-0.8561017017122409,-0.9014878445064828,a,1
-0.14048016516123654,-1.0668167921919833,g,f,-0.49388662129815225,f,f,-0.6274972816103268,v,d,g,u,1.9582206233154082,-0.23997642519211776,b,1
-0.19541333903198896,0.32800122788564656,s,t,-0.49388662129815225,f,f,-0.06680620620224584,v,c,p,y,-0.7887589889347936,-0.9149880775537145,b,1
0.6689198162770522,1.4903495779503384,g,t,-0.49388662129815225,f,f,-0.6274972816103268,bb,i,g,u,-0.6882474773266632,0.2451881999427799,b,1
-0.19541333903198896,1.374114742943869,s,t,-0.49388662129815225,f,f,0.5312642742330406,bb,i,g,u,-0.906357457516306,0.17431197644481194,b,1
-0.19541333903198896,-0.2473612053963758,g,t,-0.49388662129815225,f,f,0.007952603852164964,bb,i,g,u,0.048501902760932,0.9834821947132764,b,1
-0.19541333903198896,-0.1369381121402301,g,f,-0.49388662129815225,f,f,-0.6155358720016211,v,c,g,u,0.4505479491934533,-0.7462351644633153,a,1
-0.1078275792940061,0.09553155787270823,g,f,-0.49388662129815225,f,f,0.6807818943418621,bb,i,p,y,-0.45405565527971964,-0.6061702465982842,a,1
-0.19464504289393647,-1.0668167921919833,g,t,-0.49388662129815225,f,f,0.8302995144506837,ff,ff,p,y,-0.10226536465126349,2.1360645911207023,a,1
0.037380390797912805,-0.4856426171596376,g,t,-0.49388662129815225,f,f,-0.19090583089256777,v,k,g,u,1.347110632737976,-0.7960172738249833,b,1
-0.19541333903198896,-0.7181122871725759,g,t,-0.49388662129815225,f,f,-0.21632382631106742,v,c,p,y,0.14901341436906232,0.20975008819379592,b,1
-0.18254437871960988,-0.36940778215316844,g,t,-0.49388662129815225,f,f,-0.5033976569200049,v,aa,p,y,-0.6550786784959802,-0.7538290455523835,b,1
-0.19541333903198896,-1.0668167921919833,s,t,-0.49388662129815225,f,f,-0.5153590665287107,v,c,g,u,-0.9566132133203712,-0.8727998492811146,b,1
-0.19541333903198896,-0.032326760634407856,g,t,-0.49388662129815225,f,f,-0.6648766866375322,bb,i,g,u,1.9753075802887907,-0.40872933828251695,b,1
-0.19541333903198896,-1.0668167921919833,s,f,-0.49388662129815225,f,f,-0.6394586912190325,v,m,g,u,-0.9224392993736069,-0.7251410503270154,b,1
-0.19541333903198896,2.4202282580020915,g,f,-0.49388662129815225,f,f,-0.365841446419889,v,e,g,u,0.4505479491934533,-1.3790585885523126,b,1
-0.19541333903198896,2.1296411704859186,g,f,-0.49388662129815225,f,f,-0.6020792861918272,bb,i,g,u,0.048501902760932,0.7092587109413776,b,1
-0.19541333903198896,3.1176372680409066,g,t,-0.49388662129815225,f,f,-0.5901178765831214,bb,aa,g,u,1.5561745768828867,-0.3454469958736172,b,1
-0.19522126499747583,-0.36940778215316844,g,t,-0.49388662129815225,f,f,-0.365841446419889,v,m,g,u,-0.8480607807835905,-0.5707321348493003,b,1
-0.1579589023019305,-1.0668167921919833,g,f,-0.49388662129815225,f,f,-0.5901178765831214,v,w,p,y,-0.7053344343000454,0.8147292816228772,b,1
-0.19541333903198896,-1.0668167921919833,g,t,-0.49388662129815225,f,f,-0.5033976569200049,v,d,g,u,-0.6299508005939477,0.13212374817221215,a,1
-0.19522126499747583,-0.3229138481505808,g,f,-0.49388662129815225,f,f,-0.6529152770288265,h,x,p,y,-0.5465262459591995,-0.1420997355996865,b,1
-0.1787028980293475,-0.36940778215316844,g,f,-0.49388662129815225,f,f,-0.6274972816103268,ff,ff,p,y,-0.8390147447388587,-0.669452589007184,a,1
-0.1921480804452659,-1.0668167921919833,g,t,-0.49388662129815225,f,f,-0.2910826363654782,h,k,p,y,1.5561745768828867,-0.4509175665551167,b,1
-0.19541333903198896,0.6767057329050541,g,f,-0.49388662129815225,f,f,-0.6394586912190325,v,c,g,u,-0.5374802099144678,-0.04337928144180285,b,1
-0.16007171668157483,-0.25317294714669925,g,f,-0.49388662129815225,f,f,-0.5781564669744157,v,j,p,y,0.06558885973431415,-0.9082379610300987,b,1
-0.1685229742001521,0.2117663928791774,g,f,-0.49388662129815225,f,f,-0.5781564669744157,v,c,g,u,-0.8812295796142735,-0.21888231105581785,b,1
-0.19541333903198896,-0.642559644418371,g,t,-0.49388662129815225,f,f,0.257647029433897,bb,i,g,u,0.350036437585323,1.7217761894837726,a,1
-0.19541333903198896,-0.1369381121402301,s,f,-0.49388662129815225,f,f,-0.44060025647429985,v,q,g,u,-0.8892705005429239,-0.7462351644633153,a,1
-0.19541333903198896,1.7228192479632767,g,t,-0.49388662129815225,f,f,-0.3404234510013894,bb,i,p,y,0.06558885973431415,0.20975008819379592,b,1
-0.19541333903198896,-1.0668167921919833,s,f,-0.49388662129815225,f,f,-0.6648766866375322,ff,ff,g,u,0.24952492597719264,3.205114295548382,a,1
-0.19195600641075278,-0.1369381121402301,g,f,-0.08231443688302535,t,f,-0.6155358720016211,v,k,p,y,0.6766988503117465,0.7438530581249092,a,1
-0.1950291909629627,10.556666708454932,g,f,-0.2881005290905888,t,f,-0.365841446419889,v,c,p,y,-0.8229329028815578,-1.0069584151879822,a,1
-0.19426089482491024,-1.0668167921919833,g,f,-0.2881005290905888,t,f,-0.6394586912190325,v,w,g,u,-0.32841626576955674,-1.3090261296197967,b,1
-0.19387674675588398,-0.1369381121402301,g,f,0.3292577475321015,t,f,-0.5646998811646218,v,q,g,u,-0.906357457516306,-1.2178995565509814,b,1
-0.1673705299930734,-0.043950244135054765,g,f,0.535043839739665,t,f,-0.6648766866375322,ff,ff,g,u,-0.38671294250227234,-0.02228516730550295,b,1
-0.19118771027270032,-1.0668167921919833,g,f,-0.2881005290905888,t,f,-0.2910826363654782,v,c,g,u,-0.3535441436715893,-0.5352940231003164,b,1
-0.19541333903198896,-0.22992598014540544,g,f,-0.49388662129815225,f,f,-0.6394586912190325,v,i,g,u,-0.7978050249795253,-0.7462351644633153,a,1
-0.19541333903198896,0.6767057329050541,s,f,-0.49388662129815225,f,f,-0.6648766866375322,bb,i,g,u,-0.6550786784959802,0.7649471722612091,b,1
-0.18484926713376734,0.5604708978985848,g,t,-0.49388662129815225,f,f,-0.6274972816103268,v,k,g,u,-0.8641426226408914,-0.7816732762122993,b,1
-0.19541333903198896,0.5604708978985848,g,f,-0.49388662129815225,f,f,0.30698784406980817,ff,ff,p,y,-0.7053344343000454,-0.7816732762122993,a,1
-0.18196815661607052,0.09553155787270823,g,f,-0.49388662129815225,f,f,-0.6274972816103268,v,k,p,y,-0.9314853354183387,-0.7605791620759994,b,1
-0.19522126499747583,-0.2764199141479931,g,t,-0.49388662129815225,f,f,-0.5033976569200049,v,c,g,u,-0.5967820017632647,-0.669452589007184,b,1
-0.09937632177542882,0.24082510163079468,g,f,-0.08231443688302535,t,f,-0.552738471555916,v,c,g,u,-0.8148919819529075,0.5826940261235782,b,1
-0.18388889696120173,-0.020703277133760935,g,t,-0.49388662129815225,f,f,-0.6648766866375322,ff,ff,p,y,-0.4460147343510692,-0.4163232193715852,a,1
-0.19541333903198896,0.1536489753759428,g,t,-0.49388662129815225,f,f,-0.365841446419889,v,i,g,u,-0.45405565527971964,0.2941265447389955,b,1
-0.1940688207903971,-0.4391486831570499,g,f,-0.49388662129815225,f,f,-0.21632382631106742,v,q,g,u,-0.7385032331307284,-0.9360821916900144,b,1
-0.19541333903198896,0.09553155787270823,g,f,-0.49388662129815225,f,f,-0.14156501625665663,v,w,g,u,-0.7053344343000454,-0.17669408278321805,b,1
-0.19541333903198896,-0.4856426171596376,g,f,-0.49388662129815225,f,f,-0.3165006317839779,v,cc,g,u,-0.7887589889347936,-0.4509175665551167,b,1
-0.19541333903198896,-0.36940778215316844,p,f,-0.49388662129815225,f,f,-0.21632382631106742,v,c,g,u,-0.5213983680571669,0.1819058575338802,b,1
-0.19541333903198896,-0.427525199656403,g,f,-0.49388662129815225,f,f,-0.5901178765831214,v,c,g,u,-0.7053344343000454,-0.5850761324619843,b,1
-0.18580963730633293,-0.020703277133760935,g,t,-0.49388662129815225,f,f,-0.5901178765831214,v,w,g,u,-0.5465262459591995,-0.32435288173731736,a,1
-0.19445296885942334,-0.36940778215316844,g,f,-0.49388662129815225,f,f,-0.6529152770288265,v,e,g,u,-0.7887589889347936,0.5050676861019945,b,1
-0.1948371169284496,0.09553155787270823,g,f,-0.49388662129815225,f,f,-0.5781564669744157,ff,ff,g,u,-0.49627049015513436,1.4897409339844738,b,1
-0.19541333903198896,-0.020703277133760935,g,f,-0.49388662129815225,f,f,-0.6394586912190325,v,cc,p,y,-0.8892705005429239,0.17431197644481194,b,1
-0.19464504289393647,-0.020703277133760935,g,f,-0.49388662129815225,f,f,-0.21632382631106742,ff,ff,p,y,-0.3535441436715893,1.7141823083947045,b,1
0.007800989482892286,-0.1369381121402301,g,f,-0.49388662129815225,f,f,-0.6155358720016211,v,c,p,y,-0.3203753448409063,-0.7251410503270154,b,1
-0.19541333903198896,1.0021632709231676,g,t,-0.49388662129815225,f,f,-0.6394586912190325,v,k,g,u,-0.6470377575673298,-0.8171113879612832,b,1
-0.19541333903198896,0.09553155787270823,g,f,-0.49388662129815225,f,f,-0.5153590665287107,v,aa,g,u,-0.7555901901041105,-0.5285439065767005,b,1
-0.19541333903198896,0.7929405679115232,g,t,-0.49388662129815225,f,f,0.0572934184880761,v,c,g,u,-0.4118408204043049,2.2837233900748015,b,1
-0.19522126499747583,-0.8052884134274277,g,f,0.3292577475321015,t,f,-0.6648766866375322,ff,ff,p,y,-0.9566132133203712,-1.055896759984198,b,1
-0.04770840649139947,0.967292820421227,g,f,0.12347165532453808,t,f,-0.6648766866375322,ff,ff,g,u,-0.8390147447388587,-1.0069584151879822,b,1
-0.1902273401001347,-0.706488803671929,s,t,-0.49388662129815225,f,f,-0.6648766866375322,ff,ff,g,u,-0.9234444144896883,1.8407469932125038,a,1
-0.13779112867805288,-0.5321365511622252,g,f,-0.2881005290905888,t,f,-0.6648766866375322,ff,ff,g,u,-0.7053344343000454,-0.3665411100099171,a,1
-0.1948371169284496,-0.05557372763570168,g,t,-0.08231443688302535,t,f,-0.552738471555916,v,k,g,u,-0.7807180680061432,-0.47201168069141664,b,1
-0.19541333903198896,-1.0668167921919833,s,f,1.7697603929850454,t,f,-0.365841446419889,v,k,g,u,-0.9566132133203712,-0.7116408172797838,b,1
-0.19522126499747583,-0.9680171824364846,g,f,-0.08231443688302535,t,f,-0.6648766866375322,ff,ff,g,u,0.048501902760932,0.6805707157160095,b,1
-0.19541333903198896,-0.6018774521661068,s,t,-0.49388662129815225,f,f,-0.6274972816103268,v,m,p,y,-0.4118408204043049,-0.07881739319078682,b,1
-0.18773037765146414,-0.1369381121402301,g,t,-0.49388662129815225,f,f,-0.6529152770288265,v,k,g,u,-0.3535441436715893,-1.2035555589382971,b,1
-0.19541333903198896,-0.567007001664166,g,f,-0.49388662129815225,f,f,-0.6648766866375322,ff,j,p,y,-0.9566132133203712,-1.1681174471893132,a,1
0.8033716404362364,-0.1369381121402301,g,f,-0.49388662129815225,f,f,-0.6648766866375322,ff,ff,g,u,1.304895797862561,-0.2576954810666097,a,1
-0.19541333903198896,-0.2996668811492869,g,f,-0.49388662129815225,f,f,-0.6155358720016211,v,c,g,u,-0.9314853354183387,-1.2668379013471969,b,1
-0.19522126499747583,0.9091754029179924,g,f,-0.49388662129815225,f,f,-0.6648766866375322,ff,ff,g,u,-0.6219098796652972,-0.3530408769626855,a,1
-0.19176393237623968,-0.5088895841609314,g,f,-0.2881005290905888,t,f,-0.6648766866375322,ff,ff,g,u,-0.730462312202078,-0.02228516730550295,b,1
-0.19541333903198896,-1.0668167921919833,g,f,-0.49388662129815225,f,f,-0.5153590665287107,v,c,g,u,0.4505479491934533,-0.9715203034389983,b,1
-0.19522126499747583,-1.0668167921919833,g,f,-0.49388662129815225,f,f,1.42836999488597,bb,i,p,y,-0.3535441436715893,-0.2576954810666097,b,1
-0.13471794412584295,-1.0668167921919833,g,f,-0.49388662129815225,f,f,-0.21632382631106742,v,c,g,u,-0.6299508005939477,0.6738205991923937,b,1
-0.18580963730633293,1.5717139624548668,g,f,-0.49388662129815225,f,f,0.38174665412421893,v,q,g,u,-0.10226536465126349,0.4206912295567949,b,1
-0.19541333903198896,0.6767057329050541,g,t,-0.49388662129815225,f,f,-0.5901178765831214,v,w,g,u,-0.8229329028815578,-0.14884985212330235,missing,1
-0.12818742695239685,-1.0668167921919833,g,t,-0.49388662129815225,f,f,0.45650546417862975,v,d,g,u,-0.6550786784959802,1.7639644177563725,b,1
0.48683363155861425,0.7929405679115232,g,f,-0.49388662129815225,f,f,-0.6394586912190325,v,w,g,u,2.6869290824743532,0.3928469988968792,b,1
-0.19541333903198896,-0.1369381121402301,p,f,-0.49388662129815225,f,f,-0.6648766866375322,missing,missing,missing,missing,-0.9566132133203712,0.25868843299001154,b,1
-0.19541333903198896,0.32800122788564656,g,f,-0.49388662129815225,f,f,-0.6529152770288265,v,c,p,y,-0.8058459459081757,-0.15559996864691816,b,1
-0.06345847732147533,0.1536489753759428,g,f,-0.49388662129815225,f,f,0.8302995144506837,bb,i,g,u,0.14901341436906232,0.3928469988968792,b,1
-0.19541333903198896,-0.1369381121402301,g,t,-0.49388662129815225,f,f,-0.21632382631106742,v,c,p,y,-0.8983165365876556,-0.49310579482771655,b,1
-0.19541333903198896,-0.36940778215316844,g,f,-0.49388662129815225,f,f,-0.6648766866375322,v,c,p,y,-0.4711426122531018,-0.5918262489856002,a,1
0.17913102826859556,0.40936561239017494,g,f,0.3292577475321015,t,f,-0.6394586912190325,v,m,g,u,-0.7807180680061432,-0.6272643607345841,b,1
-0.19541333903198896,1.0254102379244616,g,f,-0.49388662129815225,f,f,-0.6274972816103268,v,c,g,u,-0.8561017017122409,-0.809517506872215,b,1
-0.19195600641075278,0.09553155787270823,g,f,1.563974300777482,t,f,-0.6648766866375322,ff,ff,g,u,-0.8983165365876556,0.42744134608041073,a,1
-0.18523341520279357,0.09553155787270823,g,f,-0.2881005290905888,t,f,-0.6648766866375322,j,j,g,u,-0.5877359657185329,-0.7183909338033996,a,1
-0.19349259868685775,0.5604708978985848,g,t,-0.2881005290905888,t,f,0.1694316335696923,v,m,g,u,-0.3535441436715893,-0.3319467628263856,a,1
-0.187538303616951,-0.1369381121402301,g,t,-0.08231443688302535,t,f,0.08271141390657576,v,c,g,u,-0.3364571866982072,-0.036629164918187025,b,1
-0.18907489589305598,-1.0668167921919833,g,f,0.12347165532453808,t,f,-0.6529152770288265,h,w,g,u,-0.6802065563980129,-0.09231762623801847,a,1
-0.19541333903198896,-0.020703277133760935,g,f,-0.49388662129815225,f,f,-0.44060025647429985,v,k,g,u,-0.48722445411040266,-0.7960172738249833,b,1
-0.19541333903198896,-0.36940778215316844,g,t,-0.49388662129815225,f,f,-0.5407770619472103,h,i,g,u,-0.1354341634819465,-1.2811818989598809,b,1
-0.19445296885942334,0.7929405679115232,g,f,-0.49388662129815225,f,f,-0.6394586912190325,h,k,g,u,1.3883203524973091,-0.809517506872215,a,1
-0.17620593558067693,-0.25317294714669925,g,f,-0.49388662129815225,f,f,-0.6529152770288265,h,i,p,y,-0.12739324255329607,-0.880393730370183,b,1
-0.17620593558067693,-0.7181122871725759,g,f,-0.49388662129815225,f,f,-0.6274972816103268,v,i,g,u,0.350036437585323,-1.1892115613256131,b,1
-0.003339304518868689,1.0254102379244616,g,t,-0.49388662129815225,f,f,-0.365841446419889,v,i,p,y,-0.15252112045532865,-1.041552762371514,b,1
-0.18696208151341165,-1.0668167921919833,g,f,-0.49388662129815225,f,f,-0.6274972816103268,v,c,g,u,-0.873188658685623,-0.9149880775537145,b,1
-0.19541333903198896,-0.6018774521661068,g,t,-0.49388662129815225,f,f,-0.44060025647429985,v,d,g,u,-0.5545671668878499,-0.4019792217589011,b,1
-0.19445296885942334,0.2117663928791774,g,t,-0.49388662129815225,f,f,-0.6394586912190325,h,i,g,u,-0.7887589889347936,-0.669452589007184,b,1
-0.19541333903198896,0.09553155787270823,s,t,-0.49388662129815225,f,f,2.3254757155388996,h,i,p,y,-0.45405565527971964,0.645976368532478,b,1
-0.19541333903198896,-1.0668167921919833,g,f,-0.49388662129815225,f,f,-0.5407770619472103,v,i,g,u,1.355151553666626,-0.7394850479396995,b,1
-0.19541333903198896,-0.6018774521661068,s,f,-0.49388662129815225,f,f,-0.6394586912190325,missing,missing,p,y,-0.4118408204043049,-0.423073335895201,missing,1
-0.18869074782402975,0.32800122788564656,g,t,0.7408299319472283,t,f,-0.6155358720016211,v,i,g,u,-0.8561017017122409,-1.231399789598213,a,1
-0.18004741627093934,0.5604708978985848,g,t,-0.2881005290905888,t,f,-0.5407770619472103,v,k,p,y,-0.3203753448409063,-0.6762027055307998,b,1
-0.19349259868685775,-1.0668167921919833,g,t,1.563974300777482,t,f,-0.14156501625665663,v,aa,g,u,0.9531055072341049,-1.1968054424146815,a,1
-0.19426089482491024,-0.3229138481505808,g,f,-0.08231443688302535,t,f,-0.6529152770288265,v,c,p,y,-0.873188658685623,-0.6551085913944998,b,1
-0.19541333903198896,-0.9040880231829266,s,f,-0.49388662129815225,f,f,-0.3165006317839779,v,m,g,u,-0.7395083482468098,0.2662823140790798,b,1
-0.12799535291788375,-1.0668167921919833,g,f,-0.08231443688302535,t,f,-0.6529152770288265,ff,ff,p,y,2.862824227788581,3.654840808934295,b,1
0.2079421334455636,0.18851942587788356,g,f,-0.49388662129815225,f,f,-0.6394586912190325,v,k,p,y,-0.9314853354183387,-0.28216465346471753,b,1
-0.10417817263825682,-0.36940778215316844,g,t,-0.49388662129815225,f,f,-0.6529152770288265,v,aa,p,y,1.7240288012684648,-0.5918262489856002,b,1
-0.19522126499747583,-0.020703277133760935,g,t,-0.49388662129815225,f,f,-0.6648766866375322,ff,ff,p,y,-0.24499171113480855,-1.070240757596882,b,1
-0.19541333903198896,0.4616712881430861,g,t,-0.49388662129815225,f,f,-0.6274972816103268,v,q,g,u,-0.7555901901041105,1.1657353408509072,missing,1
-0.024083300246285678,0.8684932106657282,g,f,-0.2881005290905888,t,t,0.15747022396098656,h,q,g,u,-0.8058459459081757,1.3277381374176904,a,0
0.18873472999425156,1.955288917976215,g,t,-0.08231443688302535,t,t,0.7181612993690676,v,q,g,u,-0.7807180680061432,-0.6196704796455159,b,0
0.6894717379699561,0.32800122788564656,g,f,2.387118669607736,t,t,1.2788523747771483,v,m,g,u,0.9531055072341049,0.6527264850560938,b,0
-0.19541333903198896,0.9091754029179924,g,f,-0.49388662129815225,f,t,1.129334754668327,h,c,g,u,1.4224942664440736,-0.9293320751663986,a,0
-0.19541333903198896,0.32800122788564656,g,f,-0.49388662129815225,f,t,0.23222903401539735,h,c,p,y,-0.06909656582058048,-1.070240757596882,a,0
0.22830198110395433,-0.36940778215316844,g,f,-0.49388662129815225,f,t,-0.21632382631106742,v,w,g,u,0.9531055072341049,-1.041552762371514,b,0
0.9301405032148958,-0.1369381121402301,g,t,-0.49388662129815225,f,t,-0.3538800368111833,h,x,g,u,-0.7807180680061432,-0.5496380207130004,a,0
-0.19003526606562157,-0.834347122179045,g,t,0.12347165532453808,t,t,-0.16698301167515628,v,c,g,u,0.9028497514300398,-0.9571763058263143,b,0
-0.19541333903198896,0.7464466339089355,g,t,0.535043839739665,t,t,-0.22828523591977318,v,c,g,u,-0.8561017017122409,-0.4863556783041007,b,0
0.07176164297576133,0.09553155787270823,g,f,0.12347165532453808,t,t,-0.17894442128386204,v,c,g,u,0.4505479491934533,-0.9360821916900144,b,0
0.24232338562341213,0.6185883154018195,g,t,0.12347165532453808,t,t,0.8302995144506837,v,x,g,u,-0.15252112045532865,-0.2576954810666097,b,0
-0.19541333903198896,-1.0668167921919833,g,t,1.563974300777482,t,t,0.38174665412421893,v,cc,g,u,0.048501902760932,0.6316323709197939,b,0
-0.17620593558067693,0.2815072938830589,g,f,-0.2881005290905888,t,t,-0.6648766866375322,ff,ff,g,u,-0.9234444144896883,2.7477939010733996,a,0
-0.1940688207903971,1.374114742943869,g,f,-0.08231443688302535,t,t,0.755540704396273,v,x,g,u,0.07362978066296458,-0.27541453694110174,b,0
-0.19541333903198896,1.0893393971780196,g,t,-0.2881005290905888,t,t,-0.3404234510013894,v,c,g,u,-0.2027768762593938,-0.23322630866850194,a,0
0.7649568335336124,-1.0668167921919833,g,f,2.7986908540228628,t,t,1.42836999488597,v,c,g,u,2.9633357393967117,-0.015535050781887126,b,0
-0.08189758463473487,-0.555383518163519,g,f,-0.08231443688302535,t,t,-0.44060025647429985,v,aa,g,u,0.8525939956259746,-1.0626468765078139,a,0
-0.09937632177542882,-1.0668167921919833,g,f,3.416049130645553,t,t,-0.11614702083815696,h,q,g,u,-0.3535441436715893,-0.5707321348493003,a,0
-0.19176393237623968,0.2117663928791774,g,f,-0.2881005290905888,t,t,-0.06680620620224584,v,c,g,u,1.4556630652747564,-0.07122351210171857,a,0
-0.13779112867805288,-0.6018774521661068,g,t,-0.2881005290905888,t,t,0.007952603852164964,v,w,p,y,0.0062870678855172675,-0.8871438468937988,b,0
-0.003339304518868689,-0.36940778215316844,g,t,-0.08231443688302535,t,t,-0.14156501625665663,v,w,p,y,-0.15252112045532865,-1.4988731568464957,b,0
-0.011022265899393499,-0.4856426171596376,g,f,-0.49388662129815225,f,t,-0.6648766866375322,j,j,g,u,-0.15252112045532865,1.222267566736191,a,0
-0.19541333903198896,-1.0668167921919833,g,f,-0.49388662129815225,f,t,0.08271141390657576,v,c,g,u,-0.9566132133203712,1.0813588843057076,a,0
-0.19541333903198896,-1.0668167921919833,g,f,-0.49388662129815225,f,t,-0.6648766866375322,dd,e,g,u,1.045576097913585,-0.9504261893026984,b,0
-0.19541333903198896,-1.0668167921919833,g,f,-0.49388662129815225,f,t,0.10812940932507542,h,c,p,y,-0.4460147343510692,-0.7462351644633153,b,0
-0.19541333903198896,-1.0668167921919833,g,f,-0.49388662129815225,f,t,1.2788523747771483,v,x,g,u,1.1541285304503655,-0.2576954810666097,b,0
-0.17639800961519003,-1.0668167921919833,g,f,0.3292577475321015,t,t,0.5312642742330406,v,aa,g,u,0.048501902760932,2.481164298390569,a,0
-0.06288225521793597,0.9789163039218739,g,t,0.535043839739665,t,t,-0.14156501625665663,v,c,g,u,-0.8058459459081757,-1.3022760130961808,b,0
-0.19541333903198896,-0.6018774521661068,g,f,0.3292577475321015,t,t,-0.48994107111021096,v,q,g,u,-0.8812295796142735,-0.28216465346471753,a,0
-0.19541333903198896,1.7228192479632767,g,t,0.535043839739665,t,t,-0.6274972816103268,v,x,g,u,-0.6128638436205656,0.645976368532478,b,0
-0.1504680149559188,-0.1369381121402301,g,f,-0.2881005290905888,t,t,-0.21632382631106742,v,k,g,u,0.5510594608015836,-0.9360821916900144,missing,0
-0.09937632177542882,-0.49145435890996103,g,t,0.535043839739665,t,t,0.007952603852164964,dd,e,g,u,0.10679857949364759,-0.12775573798700243,a,0
-0.04175411142149274,0.4442360628921157,g,f,-0.2881005290905888,t,t,-0.2791212267567725,v,m,g,u,-0.3535441436715893,-0.7327349314160837,b,0
-0.005260044863999892,-0.6018774521661068,g,f,1.563974300777482,t,t,-0.14156501625665663,v,q,g,u,0.7520824840178443,-0.7605791620759994,a,1
-0.19541333903198896,1.4903495779503384,g,t,-0.49388662129815225,f,t,0.0572934184880761,v,q,g,u,-0.6219098796652972,-0.247570306281186,a,1
-0.19541333903198896,-0.25317294714669925,g,t,-0.49388662129815225,f,t,0.08271141390657576,v,c,g,u,-0.6550786784959802,1.1522351078036754,b,1
-0.19541333903198896,-0.1369381121402301,g,f,-0.49388662129815225,f,t,-0.6020792861918272,v,k,g,u,-0.6048229226919151,0.8493236288064087,b,1
0.22657331479333626,0.39774212888952803,g,t,-0.49388662129815225,f,t,-0.365841446419889,bb,i,g,u,-0.8892705005429239,2.1571587052570025,a,1
-0.18580963730633293,-0.4856426171596376,g,t,0.12347165532453808,t,t,1.3536111848315593,h,k,g,u,0.46662979105075414,2.0449380180518872,a,1
-0.17812667592580814,3.350106938053845,g,f,-0.2881005290905888,t,t,-0.6020792861918272,h,q,g,u,4.11117720196156,0.9902323112368921,b,1
-0.19522126499747583,1.0254102379244616,g,t,-0.49388662129815225,f,t,0.15747022396098656,h,c,g,u,-0.5374802099144678,-0.5217937900530847,a,1
-0.19541333903198896,1.2578799079374,g,f,-0.49388662129815225,f,t,-0.14156501625665663,h,aa,g,u,-0.8219277877654766,-0.5850761324619843,a,1
-0.19541333903198896,2.1877585879891535,g,f,-0.49388662129815225,f,t,-0.44060025647429985,bb,i,g,u,-0.5043114110837847,0.9834821947132764,b,1
-0.19522126499747583,-0.3112903646499338,g,f,-0.49388662129815225,f,t,-0.6648766866375322,ff,ff,g,u,-0.7887589889347936,0.7936351674865773,b,1
-0.19541333903198896,1.9727241432271854,g,t,-0.49388662129815225,f,t,1.5778876149947916,v,aa,g,u,-0.45405565527971964,0.02665317749071267,b,1
-0.19541333903198896,0.7929405679115232,g,f,-0.49388662129815225,f,t,-0.6648766866375322,ff,ff,p,y,-0.6379917215225981,0.2029999716701801,a,1
-0.19541333903198896,-0.6018774521661068,g,f,-0.49388662129815225,f,t,-0.6648766866375322,ff,ff,g,u,-0.7053344343000454,-0.5563881372366162,a,1
-0.19541333903198896,2.885167598027968,g,t,-0.49388662129815225,f,t,0.45650546417862975,h,x,g,u,-0.3203753448409063,0.31522065887529543,b,1
-0.19541333903198896,-0.11950288688925972,g,t,-0.49388662129815225,f,t,-0.5901178765831214,bb,w,g,u,-0.6048229226919151,0.2308442023300958,b,1
-0.13010816729752805,-1.0668167921919833,g,f,-0.49388662129815225,f,t,-0.5033976569200049,missing,missing,g,u,0.14901341436906232,4.112161203409277,b,1
-0.19157185834172655,-0.4856426171596376,g,t,-0.49388662129815225,f,t,-0.06680620620224584,v,cc,p,y,-0.6550786784959802,-1.020458648235214,b,1
-0.1569985321293649,-1.0668167921919833,g,f,-0.49388662129815225,f,t,-0.365841446419889,bb,i,g,u,-0.3535441436715893,0.9480440829642923,b,1
-0.19541333903198896,-0.25317294714669925,g,t,-0.49388662129815225,f,t,-0.41518226105580014,h,k,p,y,1.0536170188422351,-0.9993645340989141,b,1
-0.19541333903198896,0.09553155787270823,g,t,-0.49388662129815225,f,t,-0.3165006317839779,v,w,g,u,-0.1947359553307434,0.4063472319441108,b,1
-0.19003526606562157,-0.2996668811492869,g,t,1.563974300777482,t,t,-0.5153590665287107,bb,i,p,y,-0.7475492691754602,-0.12100562146338661,b,1
-0.19541333903198896,-1.0668167921919833,s,f,-0.49388662129815225,f,t,-0.21632382631106742,v,d,p,y,1.2546400420584958,1.0746087677820917,b,1
-0.1287636490559362,0.1420254918752959,g,t,0.7408299319472283,t,t,0.12009081893378117,v,w,p,y,-0.8641426226408914,-0.669452589007184,b,1
-0.13260512974619862,0.09553155787270823,g,f,0.7408299319472283,t,t,-0.10418561122945123,h,d,g,u,-0.6550786784959802,-0.6407645937818158,b,0
0.5865200554709237,0.9091754029179924,g,t,0.9466160241547917,t,t,-0.44060025647429985,v,x,g,u,-0.7555901901041105,0.1397176292612804,b,0
-0.19541333903198896,-0.427525199656403,s,f,-0.49388662129815225,f,t,4.119687156844758,v,m,g,u,1.4556630652747564,1.418864710486506,b,0
-0.17447726927005885,-1.0668167921919833,g,t,-0.2881005290905888,t,t,3.1478226261374185,z,e,g,u,3.5241899741700786,3.8168436055010786,b,0
0.044487130074898254,-1.0668167921919833,g,f,1.7697603929850454,t,t,-0.6648766866375322,bb,i,g,u,1.0536170188422351,1.6719940801221047,b,0
-0.16967541840723083,-1.0668167921919833,g,t,1.3581882085699186,t,t,0.9424377295323,n,r,g,u,2.0587321349235386,0.2730324306026956,b,0
0.06273416335364468,1.159080298181901,g,f,2.387118669607736,t,t,0.5312642742330406,v,w,g,u,-0.28620143089414196,0.5961942591708099,b,0
-0.13375757395327734,-1.0668167921919833,g,f,0.3292577475321015,t,t,-0.44060025647429985,h,x,p,y,1.304895797862561,-0.7673292785996152,a,0
-0.013327154313550943,0.2117663928791774,g,f,0.7408299319472283,t,t,-0.6020792861918272,h,c,g,u,-0.8721835435695418,0.8780116240317768,b,0
-0.19541333903198896,0.8510579854147577,g,t,-0.08231443688302535,t,t,1.5778876149947916,v,w,g,u,-0.052009608847198324,-0.1631938497359864,b,0
0.20390857872078808,-0.36940778215316844,g,f,2.7986908540228628,t,t,-0.3404234510013894,v,w,g,u,-0.6631195994246307,0.05534117271608082,a,0
0.38080876450737183,-1.0668167921919833,g,f,-0.49388662129815225,f,t,-0.6529152770288265,h,x,g,u,-0.9485722923917208,1.679587961211173,b,0
0.2624911592472898,-0.25317294714669925,g,t,0.9466160241547917,t,t,0.019914013460870704,h,q,g,u,-0.49627049015513436,-0.7327349314160837,a,0
-0.10744343122497987,1.2578799079374,g,f,0.7408299319472283,t,t,0.38174665412421893,h,cc,g,u,1.5220006629361225,-0.5496380207130004,a,0
0.8221948958185222,-1.0668167921919833,g,f,-0.49388662129815225,f,t,-0.2910826363654782,h,x,g,u,-0.730462312202078,-0.4019792217589011,b,0
-0.1569985321293649,1.385738226444516,g,f,-0.49388662129815225,f,t,-0.2417418217295671,h,c,g,u,-0.6550786784959802,-0.6905467031434839,b,0
-0.19541333903198896,-0.36940778215316844,g,t,-0.49388662129815225,f,t,-0.19090583089256777,h,q,g,u,1.523005778052204,-0.598576365509216,b,0
-0.19541333903198896,-0.5321365511622252,g,t,-0.49388662129815225,f,t,3.1478226261374185,h,q,g,u,0.05654282368958243,0.8991057381680767,b,0
-0.19541333903198896,-0.4856426171596376,g,f,-0.49388662129815225,f,t,-0.6529152770288265,v,aa,g,u,-0.3535441436715893,-0.9014878445064828,a,0
-0.1408643132302628,0.6185883154018195,g,t,1.7697603929850454,t,t,-0.029426801175040436,h,w,g,u,1.355151553666626,-0.7116408172797838,b,0
-0.19541333903198896,1.0254102379244616,g,f,-0.49388662129815225,f,t,-0.4032208514470944,h,x,g,u,-0.3786720215736219,-0.5352940231003164,a,0
-0.16429734544086347,0.6767057329050541,g,t,1.1524021163623552,t,t,-0.552738471555916,v,c,p,y,-0.8812295796142735,0.975888313624208,b,0
0.10863985760228043,-1.0668167921919833,g,f,0.3292577475321015,t,t,-0.44060025647429985,v,aa,g,u,-0.7726771470774927,0.3574088871478952,a,0
-0.18427304503022798,-0.7181122871725759,g,t,0.535043839739665,t,t,-0.14156501625665663,v,w,g,u,-0.4037998994756545,2.3613497300963857,b,0
-0.19522126499747583,-0.1369381121402301,g,t,1.1524021163623552,t,t,-0.3404234510013894,v,d,p,y,-0.3535441436715893,-0.8871438468937988,b,0
-0.18408097099571485,3.8150462780797216,g,t,-0.2881005290905888,t,t,-0.6529152770288265,v,x,p,y,-0.8480607807835905,-0.809517506872215,b,0
0.07349030928637941,-1.0668167921919833,g,t,1.7697603929850454,t,t,-0.6648766866375322,ff,ff,g,u,1.857709111707278,2.8397642387076676,a,0
0.08597512152973223,-0.7762297046758105,g,f,0.3292577475321015,t,t,-0.365841446419889,h,c,g,u,1.0536170188422351,-0.9436760727790826,a,0
1.3411789370729732,1.4438556439477506,g,t,-0.2881005290905888,t,t,0.30698784406980817,h,c,p,y,-0.9234444144896883,0.06209128923969664,b,0
-0.09169336039490401,-0.8808410561816328,g,f,1.7697603929850454,t,t,-0.14156501625665663,v,c,g,u,-0.8561017017122409,-0.11341174037431836,b,0
-0.19541333903198896,-1.0668167921919833,g,f,0.12347165532453808,t,t,-0.365841446419889,v,c,g,u,0.24952492597719264,-0.5352940231003164,b,0
0.7073346231796763,0.014167173368179813,g,f,1.563974300777482,t,t,-0.21632382631106742,v,c,g,u,-0.6299508005939477,0.645976368532478,b,0
0.015291876828903976,-0.4391486831570499,g,t,0.535043839739665,t,t,-0.2791212267567725,v,m,g,u,0.24952492597719264,0.6383824874434098,b,0
0.43651023451617676,0.6941409581560244,g,t,1.1524021163623552,t,t,-0.26566464094697856,v,x,g,u,-0.7897641040508749,0.013152944443481022,b,0
-0.19541333903198896,2.1877585879891535,s,f,-0.2881005290905888,t,f,-0.6529152770288265,v,e,g,u,-0.9485722923917208,0.800385284010193,b,0
-0.19541333903198896,0.24082510163079468,g,t,-0.49388662129815225,f,t,-0.6274972816103268,v,m,g,u,-0.10226536465126349,1.43320870809919,b,0
-0.19541333903198896,-0.17180856264217084,g,t,-0.49388662129815225,f,t,0.9050583245050945,h,w,p,y,0.8525939956259746,0.09752940098868061,b,0
2.342268804955356,-1.0668167921919833,g,f,-0.49388662129815225,f,t,-0.6648766866375322,z,e,p,y,2.0587321349235386,-0.2897585345537858,a,0
-0.19541333903198896,-1.0668167921919833,g,t,-0.49388662129815225,f,t,-0.6648766866375322,ff,ff,g,u,2.6115454487682555,3.535870005205564,b,0
-0.003339304518868689,-1.0668167921919833,g,t,1.3581882085699186,t,t,4.568240017171224,h,x,g,u,3.063847251004842,2.7477939010733996,b,0
-0.19541333903198896,-1.0668167921919833,g,f,1.3581882085699186,t,t,1.8769228552124348,v,c,g,u,2.0587321349235386,1.6930881942584046,b,0
0.9141983583503068,-0.1369381121402301,g,t,0.535043839739665,t,t,-0.365841446419889,v,c,p,y,-0.6048229226919151,-0.40872933828251695,b,0
0.7887740138132393,-0.5088895841609314,g,t,0.9466160241547917,t,t,-0.5781564669744157,v,c,g,u,-0.8400198598549401,-0.5217937900530847,b,0
0.03507550238375536,0.8510579854147577,g,f,1.1524021163623552,t,t,0.26960843904260273,v,cc,g,u,0.350036437585323,-0.11341174037431836,b,0
-0.1666022338550209,0.7464466339089355,g,t,0.12347165532453808,t,t,0.6060230842874513,h,c,g,u,-0.8058459459081757,-0.3808851076226012,b,0
-0.19541333903198896,-0.1369381121402301,p,f,-0.49388662129815225,f,f,-0.6648766866375322,missing,missing,missing,missing,-0.9566132133203712,-0.7040469361907155,b,0
-0.19426089482491024,0.6185883154018195,g,t,-0.49388662129815225,f,f,-0.6394586912190325,v,w,g,u,0.09875765856499716,0.22409408580648,b,0
-0.19541333903198896,0.5604708978985848,g,t,-0.49388662129815225,f,t,-0.6394586912190325,v,k,g,u,-0.9143983784449565,0.6037881402598781,b,0
-0.1909956362381872,0.9614810786709035,g,f,-0.49388662129815225,f,t,-0.5901178765831214,bb,c,g,u,-0.8058459459081757,-0.4863556783041007,b,0
0.6034225705080782,1.234632940936106,g,t,1.1524021163623552,t,t,0.04533200887937036,v,c,g,u,-0.3535441436715893,1.2290176832598068,a,0
-0.01908937534894455,-0.6018774521661068,g,f,0.12347165532453808,t,t,0.08271141390657576,v,aa,g,u,0.24952492597719264,-0.844955618621199,a,0
-0.04790048052591259,0.32800122788564656,g,f,-0.2881005290905888,t,f,-0.365841446419889,v,q,g,u,-0.9314853354183387,-0.9647701869153825,missing,0
0.38080876450737183,0.09553155787270823,g,t,1.7697603929850454,t,t,-0.06680620620224584,v,c,g,u,-0.4711426122531018,-0.9293320751663986,b,0
-0.09937632177542882,1.1416450729309306,g,f,0.3292577475321015,t,t,-0.5033976569200049,v,k,g,u,-0.8641426226408914,-0.16994396625960223,a,0
-0.19522126499747583,-0.19505552964346468,g,t,-0.49388662129815225,f,f,-0.6648766866375322,missing,missing,p,y,-0.6048229226919151,0.9058558546916925,missing,1
-0.19541333903198896,0.23501335988047123,g,f,-0.49388662129815225,f,f,-0.5901178765831214,v,k,p,y,-0.7053344343000454,-0.1420997355996865,b,1
-0.19541333903198896,0.09553155787270823,g,f,-0.49388662129815225,f,f,-0.6274972816103268,v,q,g,u,-0.906357457516306,-0.9647701869153825,b,1
-0.19541333903198896,-0.020703277133760935,g,f,-0.49388662129815225,f,t,-0.6394586912190325,h,c,g,u,-0.8390147447388587,-0.6829528220544157,b,1
-0.19541333903198896,0.5604708978985848,g,t,-0.49388662129815225,f,f,-0.2910826363654782,v,k,p,y,-0.6048229226919151,-0.1631938497359864,a,1
-0.19541333903198896,-1.0668167921919833,g,f,-0.49388662129815225,f,f,-0.6529152770288265,v,c,g,u,-0.9485722923917208,-1.2946821320071127,b,0
-0.19541333903198896,0.2815072938830589,g,t,-0.49388662129815225,f,f,-0.5153590665287107,v,k,g,u,-0.253032632063459,0.06884140576331246,b,1
-0.19541333903198896,1.6065844129568074,g,t,-0.49388662129815225,f,f,0.6060230842874513,v,d,p,y,-0.9485722923917208,-0.2576954810666097,b,1
-0.19541333903198896,1.955288917976215,g,t,-0.49388662129815225,f,f,-0.6394586912190325,bb,x,g,u,-0.11935232162464564,1.3766764822139061,b,1
-0.19464504289393647,-0.25317294714669925,g,f,-0.49388662129815225,f,f,-0.6274972816103268,v,k,p,y,-0.7053344343000454,-0.9715203034389983,b,1
-0.19522126499747583,1.0777159136773726,g,t,-0.08231443688302535,t,f,0.8557175098691834,h,q,p,y,-0.30328838786752416,-0.3319467628263856,b,1
-0.14105638726477593,1.374114742943869,g,f,-0.2881005290905888,t,f,-0.5781564669744157,v,w,g,u,-0.7978050249795253,-0.8027673903485991,b,1
-0.1940688207903971,0.09553155787270823,g,t,-0.08231443688302535,t,f,-0.48994107111021096,bb,c,g,u,1.2375530850851135,-1.0280525293242821,b,1
-0.19541333903198896,-0.1369381121402301,g,f,-0.49388662129815225,f,f,-0.6274972816103268,v,c,g,u,-0.06909656582058048,0.57510014503451,a,1
-0.17466934330457196,1.2578799079374,g,t,-0.08231443688302535,t,f,-0.5901178765831214,h,c,g,u,-0.7053344343000454,-0.17669408278321805,b,1
-0.19368467272137085,1.2578799079374,g,t,-0.2881005290905888,t,f,-0.19090583089256777,v,i,g,u,-0.8058459459081757,-0.7462351644633153,b,1
-0.19522126499747583,-0.1369381121402301,g,f,-0.08231443688302535,t,f,-0.6648766866375322,ff,ff,p,y,1.857709111707278,0.06209128923969664,b,1
-0.18235230468509678,1.6065844129568074,g,t,-0.2881005290905888,t,f,-0.06680620620224584,v,m,g,u,-0.0017538530431331658,-0.1631938497359864,b,1
-0.12338557608956885,-0.36940778215316844,g,f,-0.49388662129815225,f,t,-0.6274972816103268,v,aa,p,y,1.1370415734769832,-1.1048351047804135,b,1
-0.19349259868685775,-0.1369381121402301,g,f,-0.49388662129815225,f,f,-0.6274972816103268,v,i,g,u,-0.5043114110837847,-0.7884233927359151,b,1
-0.19541333903198896,-1.0668167921919833,s,t,-0.49388662129815225,f,f,0.007952603852164964,j,c,g,u,-0.9234444144896883,-0.7462351644633153,b,0
-0.19541333903198896,-0.1369381121402301,p,f,-0.49388662129815225,f,f,-0.6648766866375322,missing,missing,missing,missing,-0.9566132133203712,-0.5006996759167848,a,0
-0.19522126499747583,-0.1369381121402301,g,f,-0.49388662129815225,f,f,-0.4660182518927995,v,q,g,u,-0.9566132133203712,-1.070240757596882,b,1
-0.19541333903198896,-0.1369381121402301,g,f,-0.49388662129815225,f,f,-0.4660182518927995,v,cc,p,y,-0.7978050249795253,-0.8382055020975832,b,1
-0.19541333903198896,-0.6018774521661068,s,f,-0.49388662129815225,f,f,-0.041388210783746174,v,c,g,u,1.4556630652747564,-0.6551085913944998,b,1
-0.19541333903198896,-0.1369381121402301,g,t,-0.49388662129815225,f,f,-0.6155358720016211,bb,i,p,y,0.6184021735790309,-0.8027673903485991,b,1
-0.003339304518868689,-1.0668167921919833,g,f,-0.49388662129815225,f,f,-0.6648766866375322,ff,ff,g,u,-0.4460147343510692,0.3852531178078109,b,1
-0.19541333903198896,0.25826032688176503,g,f,-0.49388662129815225,f,f,-0.5153590665287107,h,d,g,u,1.6566860884910173,-0.19103808039590214,b,1
-0.19445296885942334,0.2117663928791774,g,f,-0.49388662129815225,f,f,-0.16698301167515628,v,w,g,u,-0.8229329028815578,-1.0069584151879822,a,1
-0.040025445110874656,-0.36940778215316844,g,t,-0.49388662129815225,f,f,-0.5901178765831214,v,q,g,u,-0.7053344343000454,-0.7251410503270154,a,1
-0.17466934330457196,0.5139769638959972,g,t,-0.2881005290905888,t,f,-0.6274972816103268,h,m,g,u,-0.8983165365876556,-0.35979099348630134,a,1
-0.19541333903198896,-0.6251244191674006,g,f,-0.49388662129815225,f,f,-0.6648766866375322,ff,ff,g,u,-0.6550786784959802,0.6105382567834939,a,1
-0.19541333903198896,-0.36940778215316844,g,f,-0.49388662129815225,f,f,-0.6648766866375322,ff,k,p,y,-0.5213983680571669,0.07643528685238071,b,1
-0.19464504289393647,0.32800122788564656,g,t,-0.2881005290905888,t,f,-0.5901178765831214,v,w,g,u,-0.8138868668368262,-0.6551085913944998,a,1
-0.08266588077278736,-0.1369381121402301,g,t,-0.08231443688302535,t,f,-0.37780285602859476,n,c,g,u,-0.4620965762083701,-1.1259292189167134,b,1
-0.19541333903198896,-0.3112903646499338,g,t,-0.49388662129815225,f,f,-0.5153590665287107,v,m,p,y,-0.8561017017122409,0.7936351674865773,b,1
-0.12818742695239685,-0.6018774521661068,g,f,-0.49388662129815225,f,f,-0.42863884686559406,v,aa,g,u,0.9701924642074873,-1.0137085317115981,b,1
-0.19541333903198896,-0.4856426171596376,g,t,-0.49388662129815225,f,f,-0.5901178765831214,v,aa,g,u,-0.2279047541614264,-0.247570306281186,b,1
-0.19541333903198896,0.27569555213273544,g,t,-0.49388662129815225,f,f,-0.21632382631106742,v,k,g,u,-0.8058459459081757,0.34306488953521114,b,1
-0.1569985321293649,0.2815072938830589,g,t,-0.49388662129815225,f,f,0.08271141390657576,bb,i,g,u,-0.4037998994756545,0.22409408580648,b,1
-0.16833090016563898,0.09553155787270823,g,t,-0.49388662129815225,f,f,0.38174665412421893,v,cc,p,y,-0.5043114110837847,0.1397176292612804,missing,1
-0.19541333903198896,0.7929405679115232,g,t,-0.49388662129815225,f,f,0.38174665412421893,v,aa,p,y,-0.8058459459081757,0.005559063354412771,b,1
-0.19541333903198896,-1.0668167921919833,g,f,-0.49388662129815225,f,f,0.23222903401539735,h,aa,g,u,0.4505479491934533,1.7707145342799884,a,1
-0.1950291909629627,0.7290114086579652,g,t,-0.49388662129815225,f,f,-0.5781564669744157,v,w,p,y,-0.8721835435695418,0.3928469988968792,b,1
-0.0991842477409157,-1.0668167921919833,g,t,-0.49388662129815225,f,f,-0.6155358720016211,v,cc,g,u,-0.4208868564490366,0.4907236884893104,b,1
-0.12799535291788375,-1.0668167921919833,g,f,-0.49388662129815225,f,f,-0.6155358720016211,v,c,g,u,0.7520824840178443,-0.9014878445064828,a,1
-0.19541333903198896,-1.0668167921919833,g,t,-0.49388662129815225,f,f,-0.5901178765831214,v,aa,g,u,0.8525939956259746,-0.6272643607345841,b,1
-0.19541333903198896,0.9091754029179924,g,t,-0.49388662129815225,f,f,0.38174665412421893,h,k,g,u,-0.8892705005429239,-0.5006996759167848,b,1
-0.1569985321293649,-1.0668167921919833,g,f,0.7408299319472283,t,f,-0.6648766866375322,ff,ff,g,u,-0.2027768762593938,0.3084705423516796,a,1
-0.1950291909629627,-0.4856426171596376,g,f,-0.49388662129815225,f,f,-0.365841446419889,bb,i,g,u,-0.2027768762593938,1.397770596350206,b,1
-0.1646814935098897,-1.0668167921919833,g,t,-0.2881005290905888,t,f,-0.6274972816103268,v,q,g,u,0.5761873387036162,-1.3233701272324807,a,1
-0.19541333903198896,-0.22992598014540544,s,t,-0.49388662129815225,f,f,-0.5646998811646218,v,i,g,u,-0.873188658685623,-0.7605791620759994,a,1
-0.18235230468509678,-0.4856426171596376,g,t,-0.49388662129815225,f,t,-0.5153590665287107,v,i,g,u,1.355151553666626,-0.844955618621199,b,1
-0.19330052465234462,0.09553155787270823,g,t,-0.2881005290905888,t,f,-0.5407770619472103,v,q,g,u,-0.7897641040508749,-0.669452589007184,a,1
-0.19541333903198896,-1.0668167921919833,g,f,-0.49388662129815225,f,f,-0.6648766866375322,ff,ff,p,y,0.048501902760932,-0.880393730370183,a,1
-0.19137978430721342,1.3508677759425751,g,t,-0.2881005290905888,t,f,0.019914013460870704,h,c,g,u,-0.30328838786752416,-0.49310579482771655,b,1
-0.12050446557187205,-1.0668167921919833,g,f,-0.49388662129815225,f,f,-0.5901178765831214,v,aa,g,u,-0.6219098796652972,0.6248822543961781,a,1
-0.19195600641075278,-0.36940778215316844,g,f,-0.49388662129815225,f,f,-0.365841446419889,v,c,g,u,-0.8812295796142735,-1.3301202437560966,a,1
-0.16583393771696842,-0.834347122179045,g,t,-0.2881005290905888,t,f,-0.5901178765831214,v,c,g,u,-0.2027768762593938,-0.247570306281186,a,1
-0.19541333903198896,-1.0668167921919833,g,f,-0.49388662129815225,f,f,-0.6394586912190325,v,aa,g,u,0.8525939956259746,-0.7816732762122993,b,1
-0.19541333903198896,0.18851942587788356,g,f,-0.49388662129815225,f,f,-0.6155358720016211,v,c,g,u,-0.253032632063459,-0.1420997355996865,b,1
-0.19541333903198896,-0.1369381121402301,g,t,-0.49388662129815225,f,f,-0.4032208514470944,v,w,g,u,-0.6550786784959802,-0.6762027055307998,a,1
-0.19541333903198896,-0.36940778215316844,g,t,-0.49388662129815225,f,f,-0.21632382631106742,v,cc,p,y,-0.15252112045532865,0.047747291627012564,b,1
-0.19541333903198896,-0.1369381121402301,s,f,-0.49388662129815225,f,f,-0.6529152770288265,v,w,p,y,-0.6550786784959802,-0.036629164918187025,b,1
-0.19541333903198896,-1.0668167921919833,g,f,-0.49388662129815225,f,f,-0.6529152770288265,v,m,p,y,-0.9485722923917208,0.02665317749071267,b,1
-0.19541333903198896,-0.020703277133760935,g,t,-0.49388662129815225,f,f,-0.5901178765831214,v,c,g,u,1.4054073094706914,-0.823861504484899,a,1
-0.19445296885942334,-0.6018774521661068,g,t,-0.2881005290905888,t,f,-0.14156501625665663,v,c,g,u,-0.8480607807835905,-1.1470233330530133,a,1
-0.19541333903198896,0.39774212888952803,s,t,-0.49388662129815225,f,f,-0.6394586912190325,h,d,g,u,-0.8561017017122409,-0.09991150732708672,b,1
-0.19522126499747583,-0.36940778215316844,g,f,-0.49388662129815225,f,f,-0.21632382631106742,ff,ff,p,y,-0.5465262459591995,1.7141823083947045,b,1
-0.1666022338550209,1.6356431217084249,g,f,-0.49388662129815225,f,f,0.9798171345595054,v,w,g,u,0.21635612714650962,1.3209880208940747,b,1
-0.1950291909629627,-1.0668167921919833,g,f,-0.49388662129815225,f,f,-0.5153590665287107,v,cc,g,u,1.6235172896603345,-0.47960556178048486,b,1
-0.17294067699395388,0.32800122788564656,g,t,-0.49388662129815225,f,f,-0.5153590665287107,v,aa,g,u,-0.7887589889347936,1.5808675070532894,a,1
-0.1921480804452659,0.4209890958908219,g,f,-0.49388662129815225,f,f,-0.06680620620224584,h,e,p,y,-0.5545671668878499,-0.16994396625960223,missing,1
-0.14816312654176136,0.4442360628921157,g,f,-0.49388662129815225,f,f,-0.6020792861918272,h,i,g,u,-0.45405565527971964,0.4907236884893104,a,1
-0.14989179285237944,0.32800122788564656,g,f,-0.49388662129815225,f,f,-0.4660182518927995,v,aa,g,u,-0.7475492691754602,0.8493236288064087,a,1
-0.1948371169284496,-0.3171021064002573,g,t,1.975546485192609,t,f,-0.6394586912190325,h,q,g,u,1.1872973292810485,-0.07881739319078682,a,1
-0.19522126499747583,-0.4856426171596376,g,f,-0.2881005290905888,t,f,-0.6529152770288265,v,m,g,u,0.5008037049975185,-1.020458648235214,b,1
-0.18580963730633293,-1.0668167921919833,g,f,-0.49388662129815225,f,f,-0.6648766866375322,ff,ff,g,u,1.0958318537176501,-1.1470233330530133,a,1
-0.19541333903198896,-1.0668167921919833,g,f,-0.49388662129815225,f,f,-0.6648766866375322,v,c,g,u,-0.7053344343000454,-0.9647701869153825,a,1
-0.12549839046921318,0.5604708978985848,g,f,-0.49388662129815225,f,f,-0.5781564669744157,v,k,g,u,-0.8983165365876556,-1.0137085317115981,b,1
-0.09226958249844337,-0.043950244135054765,g,f,-0.49388662129815225,f,f,0.23222903401539735,h,d,p,y,-0.7555901901041105,-0.3108526486900857,b,1
-0.1950291909629627,-0.25317294714669925,g,t,-0.49388662129815225,f,f,-0.5646998811646218,v,i,g,u,-0.2952474669388737,-1.2178995565509814,b,1
-0.1948371169284496,0.32800122788564656,g,f,-0.49388662129815225,f,f,-0.48994107111021096,v,d,p,y,-0.8058459459081757,0.4139411130331791,b,1
-0.19541333903198896,1.2578799079374,s,t,-0.49388662129815225,f,f,0.38174665412421893,v,m,g,u,-0.2952474669388737,0.7649471722612091,b,1
-0.19541333903198896,0.4442360628921157,g,f,-0.49388662129815225,f,f,-0.2910826363654782,h,e,p,y,1.0707039758156176,-0.880393730370183,b,1
-0.11973616943381957,0.09553155787270823,g,t,-0.08231443688302535,t,f,-0.06680620620224584,v,c,g,u,-0.8058459459081757,-0.7462351644633153,a,1
-0.19522126499747583,0.09553155787270823,g,t,-0.2881005290905888,t,f,-0.06680620620224584,ff,ff,p,y,1.7571976000991476,-0.5285439065767005,a,1
-0.051357813147148754,0.5604708978985848,g,f,-0.49388662129815225,f,f,-0.6529152770288265,v,aa,g,u,-0.9154034935610378,-1.1470233330530133,b,1
-0.19541333903198896,-1.0668167921919833,g,t,-0.49388662129815225,f,f,1.8141254547667294,h,c,g,u,-0.2781605099654916,0.2941265447389955,b,1
