x_num_1,x_num_2,x_num_3,x_num_4,x_num_5,x_cat_1,x_cat_2,x_cat_3,x_cat_4,x_cat_5,true_label
-2.2267963428878605,-1.0148520973128279,0.21184591182372148,1.3813681087818752,-1.8795722964282453,1,1,3,0,1,1
-2.2091275273324538,-0.3545668443124942,-1.530037768847789,-1.4752414706300727,-3.4099771142853568,2,2,3,0,1,1
1.2275758165231816,-0.4425212469843569,0.8138081474395307,5.362199942681029,2.836245665926188,2,3,0,1,2,2
2.6046998897812688,-2.380078940934952,0.4067651514515429,0.7096207518832369,-2.8964744529570914,0,1,2,3,0,0
0.33217267369676345,-1.635658242346917,3.9410517869153234,0.6927939725255867,-4.406195009722688,0,1,2,3,0,0
0.5569642042988359,0.7671605976105134,-0.7028060792259669,2.3893369450999034,-0.4656876413930686,2,3,0,2,2,2
-0.4868600276029629,-2.0303237594453964,1.7188240086908713,0.15432479996099824,-3.7636315817524095,0,1,2,3,3,0
1.1098411751663206,0.1909754846567826,3.6958561102234277,1.9835330454335653,-5.589452193479022,0,1,2,3,0,0
2.1988190620628867,2.256013456056228,2.6750796511776254,3.2216009130429266,-1.6848913996708461,2,3,0,1,2,2
-0.3911066076670884,-1.0005616565509534,-0.913800990107715,2.115942347346953,-0.7029422505842529,1,2,3,0,1,1
-3.1472605739547075,-0.8638871247017035,-0.8574285440389486,-0.0356154612186814,-0.7643584442098672,1,2,3,0,1,1
2.5999273681073416,-1.3909473404173684,1.5681430498364397,3.251557965542368,-2.5570357894087667,0,1,2,3,0,0
2.9652637070621024,-2.8434905980116834,2.3273812330632766,0.5693452160251116,-3.449091695682098,0,1,2,3,0,0
2.621449933783528,2.351273251142162,-0.2785641503474897,2.102457016255949,-1.4549143723904665,2,3,0,2,2,2
1.8037910927570187,1.4388751089975316,1.3393881803009973,2.172144103040103,1.1234673142918774,2,3,0,1,2,2
1.6490879061472155,-2.7915382345076596,1.0926286159184886,3.009525295973794,-4.652019666651265,0,1,2,3,0,0
-4.798804811206344,0.27823116987665397,-0.726103405270353,-2.6292125010319767,-3.2307594103093513,1,2,3,0,1,1
2.4173619948257223,3.48161288910888,-1.125426964039542,1.7103048685862505,-0.22550691028966052,2,3,0,1,2,2
1.0623282596989911,-4.191635589583497,1.8482475364957036,4.7556230834596445,-3.888548427879555,0,3,2,3,0,0
-3.1250061837797034,2.390959857521625,-3.0892846782217482,0.2919966337238831,-3.7838618168217275,1,2,3,0,1,1
1.283101071641107,-2.3146775428025057,1.1631480426799898,0.6161423657118894,-4.791032562377947,0,1,2,3,0,0
0.7397072949907173,1.5492099936771375,0.2162237715974873,4.955575330517964,0.5773306182408322,2,3,0,1,2,2
0.33148764315914936,3.9422111090702963,0.05669393159688413,2.0412107705781413,0.8399832377537104,2,3,0,1,2,2
0.7084692981408531,-1.0512837508158301,2.3693070817971935,3.2904823818362257,-5.958664366000081,0,1,2,3,0,0
2.616016309776324,1.665058979233669,2.463598373790472,1.7297786353050013,1.1739425264419057,2,3,0,1,2,2
0.8379697066533971,3.538654411522448,-0.6227065842794286,5.233998763173602,1.8783582302530952,2,3,0,1,2,2
3.7101419606135586,1.8016456306522204,-0.9026880433150519,2.2274065109016186,1.4097937123612303,3,3,0,1,2,2
2.276426642217962,2.4488672343037257,1.1558818878674315,1.8512412174847317,0.7545851149386364,2,3,0,1,2,2
1.301766709001936,-1.9239845773815296,2.013629313944797,2.7473440373667524,-3.944456535300348,0,1,2,2,0,0
-4.419209241293883,0.10796186733101704,-1.6207301724617311,1.7604322084510344,-1.2332614004460734,1,2,3,0,1,1
-3.153855230276479,3.6405240783569255,0.2108241759839138,1.2173954332752606,-1.1198855490699233,1,2,1,0,1,1
3.602190354339691,3.0541188746961208,0.7004459490002495,3.931157950196334,2.0692816209144063,3,3,0,1,2,2
3.2326051302011116,3.37439217559145,-0.6765362358135698,3.2359466365538645,0.8501247860750305,2,3,0,1,2,2
0.4183251595772754,-2.8278688748279475,0.5400623392099253,3.046885161949808,-4.248179121291288,0,1,2,3,0,0
-3.5394393567380757,-1.8172847211579513,-1.7544945912010015,0.6194271806813111,-1.6579988912989403,1,2,3,0,1,1
2.265866945450072,0.7671752488328367,-0.33124954739026163,2.503577950126527,0.2977434908055471,2,3,0,1,2,2
-1.8633373511835345,1.5748637091756925,-1.3544447799224426,-0.24213377456310547,-1.232891154544202,1,2,3,0,1,1
1.2761235712033117,1.6482168115796312,-1.4480069325170377,3.30546772306661,1.8765936512084407,2,3,0,1,2,2
3.1293976976969624,-0.9578573006624869,1.6968418032401549,4.5806195110055805,1.2045739001820799,2,3,0,1,2,2
3.3317698204306314,-3.0876582852627776,1.2614367146302983,1.3748845170805817,-4.138412664543996,0,1,3,3,0,0
-1.4800941945331638,0.09151500043731958,-3.2563200500693075,-0.26830625336793373,-1.158526966938148,1,2,1,0,1,1
-4.777065467368591,-2.980010215638477,-1.0715571255984506,-0.268063846477982,-2.641965070672227,1,2,3,0,1,1
-2.982853409090836,2.2396577455017432,-0.2836455717742834,0.8292319458862476,-0.7294856880497445,1,2,3,0,1,1
1.6598417928206095,3.756324658316749,-1.1252693123626094,3.8618164420180294,0.5870964417713214,2,3,0,1,2,2
-2.635405384777636,-2.3437681024294497,0.9733181962705217,0.16136575167119072,-0.9330009950875633,1,2,3,0,1,1
1.723393379864354,3.6899014877232146,0.6163602594879655,1.8114756860050607,0.3464819870152853,2,3,0,1,2,2
1.7870813536652672,2.5201084752894074,0.5496161605182854,4.043162402623051,0.510758710192092,2,3,0,1,2,2
-3.3162025028241846,1.1674400233956064,-0.8803291867366289,-1.4102511217421116,-2.3022930239244035,1,2,3,0,1,1
1.3212058940228513,-3.051414790141396,1.2676016530022527,1.8590038229639037,-5.182343185291928,0,1,2,3,0,0
-1.5885170290903587,-2.6147434171164123,1.6109672081725182,2.2273076546884747,-4.911166919470852,0,1,2,3,0,0
2.2143789445190754,2.827359870908567,-1.4648393299275073,1.8089640510155325,1.4963202614661806,2,3,0,0,2,2
2.6486247336621003,-0.27842765941437464,-0.9692311183450113,4.440120664852211,3.358628176998652,2,3,0,1,2,2
-0.24783767072981844,3.2906208197538764,0.06774815604380671,2.236342538017398,0.49638067623439286,2,3,0,1,2,2
0.5707708537300055,-2.355894376857307,0.6658847391844138,3.1996313600568955,-4.08238880717201,0,1,2,3,0,0
3.862886213047677,2.218632656651156,0.9239281749819983,3.1566084864219377,1.4651814046111231,2,3,0,1,2,2
-1.1584543194660943,-3.5143296155735486,2.05448050387954,2.7908633083187597,-4.3766216211441735,0,1,2,3,0,0
1.302173433038654,-2.596230005378475,0.9763519835747222,2.0684165563682115,-5.098598867452857,0,1,1,3,0,0
-3.790732021306396,1.4958300539243998,-0.45319868208678016,-0.8790715416762916,-3.171737679532693,1,2,3,0,1,1
3.0693445171395375,2.8864249849978725,0.6009924390000771,2.7312082108234295,0.4387323605452921,2,3,0,1,2,2
0.4427861490876236,-2.7410108663949955,2.871550839945031,-0.040260654286952136,-6.433354765324304,0,1,2,3,0,0
-3.8812951408994554,-0.8131432217481891,0.7707835375234815,0.718102955472097,-1.406617768119302,1,2,3,0,1,1
-3.700301228523521,-0.766167995939093,-0.9940673396994884,2.1675038435515632,-3.6499262523466065,1,2,3,0,1,1
-0.9516810837590914,0.9463664294569991,0.35599223452984696,2.699467278265339,1.652824846662184,2,3,0,0,0,2
-3.193410781441458,0.8968354056345997,-0.18133233889305245,0.6816053303512898,-2.580700543122609,1,2,3,0,1,1
-0.10407694086533847,-2.2201671515932695,1.7593840714199558,4.863213761694748,-2.9895620886642997,0,1,0,3,0,0
-2.094178303020427,1.0116510417702953,-1.0838011070743903,-0.238519818707364,-2.6456870564445,1,2,3,0,1,1
3.1143742203257103,-4.073560122588236,0.7642882561275623,4.133314335058656,-6.147525232639755,0,1,2,3,0,0
-5.200544989125577,-2.4936109621844347,0.3407124806113748,-1.2239968070300522,-2.6792432329380667,1,0,3,0,1,1
2.8664349359701364,1.8932601230993988,0.6605464181699208,1.9467297341964507,1.61242046639707,2,3,0,1,2,2
-4.508181652918166,0.27268230245834985,-0.8988373769118215,-1.125010701492672,-2.49857768138967,1,2,3,0,1,1
-2.562565674132695,0.37546997591164655,0.12361924799200064,1.3686049980498134,-1.9017044776121323,1,1,3,0,1,1
-2.3316204954893696,-1.9522043855675124,-0.5298786909846067,1.8480964993697548,-1.5462075895731813,1,1,3,0,1,1
-2.9095858914474064,0.01675205793683343,-0.8417008261122885,0.05231555357732286,-2.946295653126149,1,2,3,0,1,1
-5.017816083534146,1.079042996186959,-1.7306877455349,3.6294345810354662,-3.4358981180689248,1,2,3,0,3,1
1.170044671628084,-1.7958651749586112,1.4263182340390115,3.258909587333802,-4.4229768474845175,0,1,2,0,0,0
-0.035758500689678785,-2.1672502524130293,0.20730547354583573,4.077858369809112,-5.050421163700203,0,2,2,3,0,0
2.5486702580686433,3.2873843403936025,-0.3950702817491835,3.8594336420515,0.36339480147330816,2,3,0,1,1,2
-5.483022647693144,0.10323258049877257,-0.7737199814107497,-0.3001818926860767,-3.1086783137499614,1,2,3,0,1,1
2.5198239741480846,0.4892172797212626,0.6780539944480464,5.969884908264362,2.7889774171445287,2,1,0,1,2,2
1.5201704798997526,-4.285083183310138,2.273376175511578,1.9882680796134988,-5.4569361621041645,0,1,2,3,2,0
0.5462590027883282,-2.3638289496128904,2.8607621600170456,1.8789223843085483,-4.2521872647560555,0,1,2,2,0,0
-1.450040704848723,-0.47368190705035473,-0.1893039617119966,1.2371702619310394,-1.6708875658879587,1,2,3,1,1,1
-3.138323976161267,-0.8090352506832463,-1.4257332488988275,0.045927483742113695,-2.087581940126432,1,2,3,0,1,1
3.7225464578693814,1.3045772193531349,0.45880828446142835,2.75153179791248,-0.8683734157916332,2,3,0,1,2,2
3.360389648002624,4.845846481912106,-1.502351278758711,4.567907986395014,1.2529359776694668,1,3,0,1,2,2
-0.9747422675216262,-4.187199800426522,0.679431796394365,2.8311408630461585,-5.964162838066663,0,1,2,3,0,0
-4.0883007557849655,-1.8660194023913526,1.3125705846021714,0.9488534759496499,-1.2087346414042326,1,2,3,1,1,1
-0.9219314164435213,2.210705354172681,1.4065386656489227,-1.265715116218478,-1.0380269437618155,1,2,2,0,1,1
-5.175387968057009,2.011488468648247,-1.608543943895476,2.3956773039734816,-2.171579007634896,1,2,3,0,1,1
-0.6626918122631658,-3.035873042683806,1.570598185796907,0.542621013650378,-6.059777610407583,0,1,2,3,0,0
-3.0667693550323634,0.06876230068530942,0.02362226082107821,-0.48693669711519594,-1.8499259741660774,1,2,3,0,1,1
-5.19350983585754,1.5058392433399683,-0.35317643526759274,-0.9132210110018941,-2.469330355139627,1,2,3,0,1,1
3.913933306639199,2.2525132374240733,1.1889559393459312,3.681014672726086,1.916722635132479,2,3,0,1,2,2
2.233344246164818,-0.7049376620232808,2.469595975903567,3.519808004590943,-3.3872359754580175,2,1,2,3,0,0
-3.2116718604187176,-2.1183424744774184,-0.536549939854239,0.8725761965897012,-2.4686921711910004,1,2,3,0,1,1
2.590053669274944,1.9899358319598892,0.2172167731247893,3.113239788695487,1.134359410420355,2,3,0,1,2,2
2.5391821385676394,2.6467768762029977,0.24204090675682446,2.009480991603409,0.8552560863806093,2,3,0,1,2,2
-3.4669044379101663,0.7999728978898213,-4.224428524979763,0.3207069684218315,-2.2686346163417186,1,2,1,2,1,1
1.833121567861239,2.4802330640665957,0.09296604659688239,2.833197220242282,1.9569555876942792,2,3,0,2,2,2
3.527707744537583,2.9772208653767267,0.25850481302380507,2.3733673531722475,2.4002009573583507,2,3,0,1,2,2
0.5192928049187935,-3.2934331952944262,2.1795897674800218,1.7466625012853023,-5.631267272105039,0,1,2,3,0,0
-0.8227940816023662,-1.574337389438565,0.9158739535939228,3.1108412885068026,-4.8903543835764225,0,1,1,3,3,0
-2.446895494754486,1.352236657471948,1.0799730164999473,-1.093334802834271,-2.404355320386916,1,2,3,0,1,1
3.3490629243702243,3.4228551224903976,0.08857162591426222,2.5652402425279672,0.7739089491722548,3,3,0,1,2,2
1.2667256473790345,5.150595894280393,-0.15109595631180234,1.0697205124825608,0.33090760395102703,2,3,0,1,2,2
0.32759365488486863,-3.1876604850826897,2.9664496213866762,2.388714496303418,-4.543296874220424,0,1,2,3,0,0
0.843288502389281,-1.9422062100306037,2.950854281493358,-0.045548240489796665,-6.896379749783822,0,1,2,3,0,0
-4.77835630498757,0.28668098289774513,-0.4252838534823768,-0.9255306336067245,-2.098617724834421,1,2,3,0,1,1
1.589918009102893,-2.0322556279682686,1.415032894059459,3.5742642228681496,-3.6413534878513136,0,1,2,3,0,0
0.43760654418156303,-0.4743507748800191,1.7579927867466876,2.0587364587652295,-7.3945291207667605,0,0,2,3,0,0
1.8915071760659723,2.9695676712645698,0.4422887166096568,3.1004506684239255,-0.18149485682568778,2,3,0,1,2,2
0.7293308451063574,1.3905091950672366,0.8697859379968487,3.532045967232244,0.2992847618046246,2,3,0,1,2,2
-2.589016492945505,0.6908708921065474,0.3871692183107833,-1.43979660951397,0.2778966444882167,1,2,2,0,1,1
0.840111209064718,3.0977920219166304,-2.366864032352926,1.8985245978812353,0.6891092880823975,2,3,0,1,2,2
5.161530181188453,1.198276649847085,-0.15627674450717915,2.127192788094223,1.423309796987583,2,3,0,1,2,2
-2.3352080151609225,-1.150044725262435,0.6001330179933242,3.386923214007116,-1.6928684430480894,1,2,3,0,1,1
-4.184351829134255,-0.20900842509937867,0.7963987169687914,0.752334213555898,-2.1132545206027453,1,2,3,0,1,1
0.2591742066760324,0.07571794409021892,-0.0053885102004551655,3.864536579253616,-3.2360990307694255,0,1,2,3,0,0
2.9198051420542237,0.8598246910753209,-0.1471976127727052,0.5882118228850395,0.5755654154108811,2,3,0,1,2,2
-2.67333612495926,0.6056670577231238,-0.8969432151627562,-0.5585528939150717,-1.1767569823099535,1,2,3,0,1,1
1.750278140540055,2.5268437782481397,0.7924892568018767,3.88488283390566,2.8770447223481534,2,3,0,1,2,2
0.5573036019890331,-3.5353391416717423,2.392489620265207,1.3295671639551132,-4.078885688058476,0,1,2,3,2,0
2.116559450651148,-2.736697214787089,0.8679402171611095,1.3620343321485473,-4.096876626244949,0,1,2,3,0,0
-4.385293889831557,0.5612148317761197,-0.26318710770924114,-2.213543256461397,-1.569377027389021,1,2,3,0,1,1
-3.5685285547568153,1.327508134077571,-0.5062600143958602,-0.1679526809609292,-0.4959894290147224,1,2,3,0,1,1
-1.479329722699096,1.6628776023162697,-1.2559520275181042,-1.1018424511468714,-1.1859203588740628,1,3,3,0,1,1
-3.384489260275072,0.9847970134770823,-0.5137997180022047,1.3936044886835743,-2.0421303671586752,1,2,3,0,1,1
-3.96023368247233,0.3327836241512442,0.2641383523821157,-1.838850697874166,-3.7049659186524773,0,2,3,0,1,1
-2.0260335566437675,-0.6202148261399877,-2.1549135785514766,-2.6292305448206994,-2.4523060598241626,1,2,3,0,1,1
2.996573773059935,-1.8767773300334403,1.6571281783358291,3.0420676029779083,-6.569371286371963,0,2,2,3,0,0
-1.7140932327796128,-3.3092843758305657,2.5852155768681686,0.4534985116333041,-3.1064491139703803,0,1,2,3,0,0
-0.26079786777263414,0.07516806706592893,3.0707163290505246,3.5167785991655283,-4.843961347203539,0,1,2,3,1,0
-3.81000125736273,1.116825417006131,0.3285601307303885,0.5387758589811105,-2.4456039690194498,1,2,3,0,1,1
-1.0314940443970895,-1.7609241875673738,4.339349967851213,2.5577641899025068,-5.282378166116798,1,1,2,1,0,0
2.8690201788423813,2.614698056501446,-0.6062635396658289,3.4746497839472905,0.19841679178304772,2,3,0,1,2,2
2.4988521443548777,2.023659800874266,-0.3922174391743765,1.6012199859577467,-0.3511421680468967,2,3,0,1,2,2
-1.371450585157059,-0.87802730403444,-1.2133245227986786,0.5343982612969335,0.9056757943566627,1,2,3,0,1,1
0.45941984553781595,-2.4168852510782766,3.641918357107931,-0.7285783381395223,-5.161808289046212,0,1,2,3,0,0
-0.5016855134586604,-3.001307672428291,3.4361815031548932,3.050598081363283,-2.7988140451426577,1,3,2,2,0,0
-3.18775488655231,0.614046218712612,-2.9222844364697087,-0.8267586541250282,-1.8742466630041357,1,2,3,0,1,1
0.3198939512404418,-2.1900936044726276,3.950565162802854,1.1671832968641498,-5.171921386765122,0,1,2,3,0,0
-5.467705668106246,-0.4934128469119067,-2.078945355824036,-2.316057913698179,-1.9922335381052856,1,2,3,0,1,1
1.0140287517128073,0.14683210810311476,-0.6893882555165158,3.4960037549475764,1.9968830538405884,2,3,0,1,2,2
1.1355361005502058,-3.0823513617562845,2.169053256290166,2.679256618400582,-6.24490277294448,0,1,2,2,0,0
-2.0006806229046763,-0.7188103906039875,-2.7369166330552064,0.6953252537102476,-1.3751238252533726,1,2,3,0,1,1
1.6387223287524522,-4.486408572385128,1.795784182038302,0.9450031598642556,-5.49952378247412,0,1,2,3,0,0
1.169643132817323,-2.2207028208280954,2.367922138310574,3.090773392580721,-7.407131981767522,0,1,2,3,3,0
-0.2522616941769029,-3.9003988584309117,2.289653875216572,2.8065478322162303,-3.332790637708512,1,1,2,0,0,0
0.47598420661648017,-2.919625253611985,2.15473185706765,1.6850191283952154,-4.311741744580424,0,1,2,2,0,0
-3.8473149817628878,2.6420584281531454,-0.7745555055999204,1.5072319724602405,-1.818905323657988,1,2,3,0,1,1
-1.7566215309076012,1.1448316300595518,1.5687464847917527,-1.8994022930486154,-2.4510419489110555,1,2,3,0,1,1
-2.7520908957318975,1.8289357489615448,0.5776974562741808,-0.027943192497483685,-4.992676262482783,1,2,3,0,1,1
-1.8065387331823541,-0.0754502701125962,-1.0473502534919295,0.7551478687060408,-2.834835957646364,1,2,3,0,1,1
-5.1360612758583315,0.7857700489400626,-2.902385330093514,0.8601528652418253,-1.9782639079444309,1,2,3,0,1,1
-4.175202968192998,-1.1324624117086275,2.006623125010729,0.9413341933807551,-2.53355469899032,1,2,3,1,1,1
5.13407636784946,0.030629521753650746,-1.092331518740744,1.5693819916102765,-0.6272192164373422,2,3,0,1,2,2
-2.263759995283886,0.6546908726384881,0.8519350774253198,0.025124326398158883,-1.5372649692274072,1,2,3,0,1,1
1.20036206655748,1.2146641496398032,2.89767067932989,1.5026943550362786,-3.7147905273035615,0,1,2,3,0,0
0.0464860197986785,-2.589753513533455,2.830046693014896,2.5678485226097125,-5.664853895603752,0,1,2,3,0,0
1.668267998405628,0.05584912192930824,-0.8737610731550784,4.355703645177505,1.2585055025927279,2,3,0,1,2,2
-2.4447208073584212,0.9919960217969217,-1.0996319195507052,0.6460320704468121,-2.9048831688747274,1,2,3,0,1,1
2.783954947580551,2.5765174890978626,0.8456815923266732,0.4989961922913495,-0.46444695785884926,2,3,0,1,2,2
3.46875831652725,0.3823441536761587,-0.08265816618960725,4.047811097921009,0.6668512871935429,2,3,0,1,2,2
4.229273124498446,1.0875225279323093,-0.651006240931052,2.6616299307166456,1.6653902186048,2,3,0,1,0,2
-2.148281099810372,1.1116459980666153,1.509127371223537,-0.9581300745335145,-3.7875889205522553,1,2,3,0,1,1
0.30092199934387986,2.789508252720171,2.4941170709212823,3.6835734647798324,2.9229323566868803,2,3,0,1,2,2
0.41282684443884765,3.247211122141241,-1.4041235341588871,3.7744354454539404,0.32752436684474884,2,3,0,2,2,2
1.4237790142078648,2.8236473183309596,-1.0349049930694365,3.246158184263225,2.0649895283912674,2,3,1,1,2,2
1.9930156442462799,-0.047036367419314606,-1.1014437932438053,3.825144643602798,1.108886886326059,2,3,0,1,2,2
1.024219015460894,-1.5542457320634113,2.1444426480457617,3.1661080666643087,-4.796493088247921,0,1,2,3,0,0
1.469248962628801,-3.980997676623919,1.7706758986173985,3.4797591488383413,-3.838425605534007,0,1,2,2,0,0
-3.3644938827069506,0.28260199101719224,-1.0478566125050923,-1.7723773765287374,-2.7524227095269493,1,2,3,0,1,1
0.5152676299449224,-3.7399867314939366,1.469288298435468,3.3597815559269093,-6.950372479465409,0,1,2,3,0,0
-2.7850356423168874,0.6842059186832888,-0.9004545041608049,-0.6789890875162987,0.5243733200163434,1,2,3,0,1,1
-0.6980794798712748,-3.405328598477136,2.2505393553776356,3.7377862343060704,-4.147074204965263,0,1,2,3,0,0
0.6616541595141661,-3.1279455110368897,-1.6706145996979407,0.854630827345032,-3.5325791899507903,0,1,2,3,0,0
3.360983575465341,2.4824514854800257,-0.04992244795305589,2.6534309752165752,2.0521464703433803,2,3,0,3,2,2
1.3461596763287766,-3.163243073844508,1.891120931989368,2.9283077816651257,-4.3417505603986575,0,1,2,3,0,0
1.4881203678810953,0.8469883045795492,0.0897807231406297,3.556805362853628,-0.5745357004844625,0,3,0,1,2,2
-0.9759600119119787,-2.681536572782525,2.1905709640054005,1.2717780471927302,-4.649775900229659,0,1,2,3,0,0
0.9688982006526218,-0.7050507579087173,2.068117925804269,2.2090457996461756,-4.534596604111539,0,1,2,2,0,0
-4.7908449222524725,-0.9188376862756795,-0.8665903125121074,-0.48086303653617307,-0.4536461608986453,1,0,3,0,1,1
2.2163579874061856,2.4274087425845963,-0.35029043117036124,3.1957985841275875,0.9661622533865547,2,3,0,2,2,2
0.7601215176540598,-1.4165966852483178,1.2068023743288347,3.3182261580690358,-4.064706329203828,0,2,2,3,2,0
2.5152073394504733,-2.260855886098083,2.7969086780696153,0.9832186880265581,-6.221031021959222,0,1,2,3,0,0
2.1377900554369553,3.513978587108177,-2.198941294462851,2.7515589676505843,1.1206594611047906,1,3,0,1,2,2
1.0157243787401387,-1.536287514119696,2.4650480403087256,3.7917793008892207,-4.530356983286057,0,1,2,3,0,0
0.689490483704534,-3.886315328349502,2.422156453933167,4.085562939289876,-4.9704153874196155,0,1,2,3,0,0
-0.04726225468333234,-3.4547647428964896,0.8207164351254121,5.089371243709309,-4.5205746862119245,2,1,2,3,0,0
0.595630325991588,3.06950734467208,-0.23684170082528855,3.853813961753172,0.19176937724677856,2,3,0,1,2,2
-0.023952535129190045,-2.0646736238227423,1.330147813107207,0.880684874457337,-6.411113060818134,0,1,2,3,0,0
-2.3856231612883554,2.0261286278264814,-1.3387784577453523,0.07973402301933737,-4.542081479899554,1,2,3,0,1,1
0.2940209355991569,-4.25198364266881,2.638309125693428,2.084744554459507,-6.64255552503778,2,1,2,3,0,0
2.672666319995142,-1.3548426246738956,0.11836170332123133,2.4424522743086357,0.18657623273765223,2,3,0,1,2,2
-1.908234861679309,0.20656751749721347,-2.12372379511782,1.3845380434639267,-1.3817991330185653,1,2,3,0,1,1
3.3757822955872707,-0.1404264763021621,1.506165780222827,4.631466897051044,0.7254269502416161,2,3,0,1,2,2
-2.549080585070912,0.21411322307515576,-1.9538847741453003,-1.1902069492162979,-0.3961393836966276,1,2,3,0,1,1
0.0822388006888709,-3.3494843554594538,3.46630406416595,2.747759725717945,-5.131668534687864,0,1,2,3,0,0
-6.9126078455791,-0.4196578227491369,0.4398111602503505,-0.42274696406365075,-3.8920329978974006,1,2,3,0,2,1
0.007611023221930857,-1.6705666209627936,1.8298820753040481,4.438989441295249,-5.456266946078096,0,1,2,3,0,0
1.700613110287272,-2.8287415346074303,3.2816245016769265,3.2524545774555467,-2.692812582458429,2,1,2,3,0,0
-1.3785406562709415,-2.4996149727085704,1.2086976388971928,0.8156026418100102,-2.859408028473602,0,1,2,3,0,0
-0.6172520972398745,-4.8897167614715595,1.7358717658259142,1.153989411085204,-4.979408609629003,0,1,2,3,0,0
-2.5342976255159186,0.7186397836353824,-1.7619509557757485,0.7709789167489506,-3.025242931448711,1,2,3,0,1,1
-0.463461493427908,-2.537352283212199,1.5475073828606585,1.9472134298093233,-4.133945613055616,0,1,2,3,0,0
2.2330333912788944,-6.040426210140531,1.4952017237109247,2.153830557925293,-6.980106258906956,0,1,2,3,0,0
-4.000071111934189,-1.578999411434088,-1.6841545085852312,-0.10764821797984755,-0.733803311073367,1,2,3,0,1,1
-0.1771069013676565,-5.384387480464612,0.7197618562735784,1.2532244519629234,-5.118913557057187,0,1,2,3,0,0
-5.5988274032136935,-2.0489996359125433,-0.46204186647073203,-0.05054311991494091,-1.9283974871036313,1,2,3,0,0,1
-0.4793769626232003,-2.3176289316953227,0.16764666703727094,2.886998368029711,-5.845506656803438,0,1,2,3,0,0
-2.1301136595737713,-3.987577457919638,1.5235932853335874,1.0648521652658038,-4.0203121924778005,0,1,1,3,0,0
-2.8887525368728193,1.3921595030407616,0.11225399839625827,1.326972453472935,-2.134911898944815,1,2,3,0,1,1
-3.0642914265602266,0.2859013177933751,-1.5829666200853423,0.6562176334077723,-1.5606862581451741,1,2,3,0,1,1
2.5560147495191687,1.0442169542818118,2.307821642248607,3.8822946119791264,0.3547535010207412,2,3,0,1,2,2
1.8155680484935017,1.0459802897952697,-0.0997105439864992,3.1794388179409143,2.348272803384228,2,3,0,1,2,2
1.860875750213294,-4.191631526888716,1.9128857806294441,1.7704084709777406,-5.2707956848689435,0,1,2,3,0,0
1.5268546117772952,2.3779172994371662,1.7709121034294237,4.081010632779087,1.7159879741610682,2,3,0,1,2,2
0.23300979350238749,-2.5614310568361174,2.1988241267304645,1.6078126700236983,-4.312224419554676,0,1,2,3,0,0
-2.8738503338589383,-0.6215092027800024,-0.9406597798908165,-0.7741215330292585,0.6269870646038562,1,2,3,0,1,1
1.8787985710067137,-0.4428468386800617,2.4956850760378844,1.9053517550752008,-5.949344717536426,0,1,2,3,0,0
-0.4664042917601594,-2.3848295036536595,2.1401240102822614,3.9824368812665583,-3.8754544765370964,1,1,2,3,0,0
-1.3649967878331473,0.24638018668412356,-0.639208245141786,-0.4495289244886043,-3.200358210490587,1,2,3,0,1,1
1.8259035646717647,-3.1868532273439474,1.6529799768928846,1.4951470133336087,-8.059637973537633,0,1,2,3,0,0
-3.4431545421277536,2.2880259205961866,-1.4069699937168476,0.3074433475970701,0.7386022486879398,1,0,3,0,1,1
1.0412463235506804,-2.318679194362804,2.200539876654214,1.3153974732907767,-5.054622387923014,0,1,3,3,0,0
1.1992340862259934,-1.9326699370134581,2.08884162985477,2.70088949119489,-3.1092543009308757,0,1,2,3,0,0
1.1790428423272268,-3.0884541492216293,1.534891383868029,2.5738025702764933,-4.134582631264118,0,1,2,3,0,0
0.2802966987411317,0.30273242306840475,2.314155029382538,2.054307757602177,1.554028566627917,2,3,0,1,2,2
2.1747855053540492,0.9625557918702213,-1.894421669078422,2.288525624745263,2.0743456962372444,2,3,0,1,2,2
3.0204025556309375,-2.803624021305693,2.3726787701444,2.0726885950689526,-4.786732026086391,1,1,2,3,0,0
2.8534474489770143,3.2612728472158112,1.054614864285066,3.909094540076734,-0.2131388844594333,2,3,0,1,2,2
1.309922984454972,-3.3942713948812204,1.440463373638057,1.89332631818004,-6.312595546341438,0,1,2,3,0,0
-4.6863231636867155,-0.3801370788450159,-2.0112756901809252,0.9974673472695124,-1.2536964472185441,1,2,3,0,1,1
2.648803910957154,2.4014749419775785,0.7951919126701572,5.070666787818053,2.1197822496372423,2,3,0,1,2,2
1.5953974333401688,-2.2928720454761717,2.658225759199791,2.340858163595349,-4.261748198341974,0,1,2,3,0,0
3.8542937328623372,3.395904681503834,0.7379694320263461,4.881033901447596,0.7050384409584136,2,3,2,0,2,2
0.525529860941387,-3.9375006212827515,1.6009768052533735,0.44005867931220166,-5.973041555697184,0,1,1,3,0,0
-6.54288851390317,-1.8007532698378517,0.9153458928396945,-0.5235088209445107,-3.033479360852085,1,2,3,0,1,1
1.2369133487030668,-0.7262344234369511,0.5227910716460864,1.8956439768301607,-5.781058272308936,0,1,2,3,0,0
-0.004860718505931838,-2.9301309670732594,3.6700575629974184,1.312414452146143,-3.7156539461248137,0,1,2,3,2,0
1.4385898944287585,2.6183292241159446,0.329205684683079,2.2801552890470016,-0.09143318798673827,2,3,0,1,2,2
0.7398915065422371,0.24825905018918748,-2.6426209949458364,1.5504872612159326,1.9217660316363276,2,3,0,1,2,2
1.419623233507536,3.871059897925128,1.4238201835367708,1.9050653233622699,1.8509065223436494,3,3,0,1,2,2
2.6565235785326076,1.8804300252581578,1.4686678441506786,2.077727612914349,2.3521822130989687,2,3,0,1,2,2
0.5913888420970528,-1.8616521452389656,-0.20067793709251847,2.5486806345507973,-5.346144710989963,0,1,2,3,0,0
-3.044608219757975,1.8675166462601025,-2.8721402771835898,0.1735731231753423,-2.8350640213016023,1,2,3,0,1,1
2.2539388681350156,2.7801741075596937,1.2872072571303805,3.911576623648859,1.0478398564949298,2,3,0,1,2,2
2.2034543963429107,2.2522702127046186,0.6873814925083164,5.31015660845091,0.15438879765703173,2,0,0,1,2,2
3.9125009046737667,1.7822955101334716,1.0607786074625927,1.915668550466211,0.9709600977343965,2,3,0,1,2,2
1.1900379703654895,-0.843996796137765,0.449612324328722,1.5837099516783375,-5.989479101321221,0,1,2,3,1,0
-1.6273329781990395,-0.5743785185525563,-1.5491094682296485,0.6974795821032534,-4.925129575268322,1,2,3,0,1,1
0.7408929443867975,2.8014163368363314,-1.255434172569194,4.7893841797452374,-0.8901365856238659,2,3,0,1,2,2
0.08095567429594919,2.6048939602582366,1.1463306714185348,3.341638361299519,0.9051793493038451,2,3,0,3,2,2
-3.863372002321239,1.8470603304238096,-0.14705011784188315,-0.5047588715885155,-2.416345522891366,1,2,3,0,1,1
4.210408695051907,2.8052979877027835,-1.263335441899004,3.406831300367148,2.1898064402611457,2,3,0,1,2,2
-3.147937446313674,1.5147274297049231,-1.5161248202744044,-2.252864248197528,-4.432526779955802,1,2,3,0,1,1
2.5282101791742386,-2.420149368816503,2.369534291135299,2.49342928704388,-4.343915789800311,0,1,2,3,0,0
-5.700722976437456,0.3588352782221384,-2.132573461506808,-0.503463025782222,-1.3389559910639002,1,2,3,0,3,1
2.019292652671274,1.7461582745454467,-0.5143503859289607,2.6056867141283577,1.2419911821271605,3,3,0,1,2,2
-1.78019790597567,-0.6475913226799437,-2.4630134620983615,1.0891094513190287,-1.5418535246083058,1,2,3,0,1,1
1.6630486199403562,1.3588559566980494,2.0184161176454474,2.0105377961471245,0.5998767875904806,2,3,0,1,2,2
0.7436529854854004,0.7981060279886003,-0.1733406344192115,3.107845608942997,2.8977484732352297,2,3,1,1,2,2
1.7419756239786572,1.6044680301233716,0.898279095693352,0.8633059393477225,3.085206787451293,2,3,0,1,2,2
1.9173453872854158,-3.4694935274225083,0.8516169224112491,2.90305893699602,-3.691324080676212,0,1,2,3,0,0
-3.441608524572507,1.9432893009686845,0.9688369026918626,-1.0221547088850291,-2.1835303910288797,1,2,3,0,1,1
2.9791827149333328,-2.8089675461671884,3.8775931228595666,1.026922953639626,-4.17287697147124,0,0,2,3,2,0
-2.763194348340334,-0.23932078991147987,2.0589213791727623,-2.1272604079252804,-1.8882500044821886,1,2,3,0,3,1
2.137926049819365,0.8746444929659272,-0.7241455518316338,1.8806737860436749,1.7956056122314763,2,3,0,1,2,2
0.6729959452621874,0.645231651828192,0.6385960495476886,5.031042713493205,1.641243354807391,2,2,0,1,2,2
1.8772419447001019,1.4243674568345601,0.743940228701983,0.6142907745699948,0.220132015962611,2,3,1,1,2,2
0.9052113075003552,2.453577603518597,0.18826965230390766,4.498542117677679,1.1768547965520606,2,3,0,1,2,2
-4.0885652818534775,-0.8116148895193951,0.3332767461691899,-0.47925564523261216,-1.9797748481461672,1,2,3,0,1,1
2.0817682797965786,-2.7586346534386457,0.3830809348830999,1.9684838745649573,-4.616910537861961,0,1,2,3,0,0
2.4109541541689663,2.3668833832975285,-0.0197632359879997,3.30355724912347,0.8490968653991036,2,3,0,1,2,2
-0.20959088328524111,-1.5462899709113993,0.22852436925349617,2.7454533583758804,-4.663098815690998,0,1,2,3,0,0
0.25346477163307257,-3.224666361027732,2.8512495348205165,2.6414034547630405,-7.0075424432051445,0,1,2,3,0,0
-0.09375986185779528,0.9866954454775445,-1.347167010480677,0.5165932352388138,-3.345652520361531,1,3,3,0,1,1
-2.8168639531095896,2.1985364453621186,-0.18021502923723698,-2.170100340332339,-1.5878150611975994,1,2,3,0,1,1
0.1264014485095155,-2.3207488119755944,1.9023505641442746,4.273546460563133,-5.16481472460222,0,1,2,3,0,0
4.146063075512328,2.595498370815031,4.090308090560548,1.3871247052811089,0.3415590529693042,2,0,0,1,2,2
0.493162119129479,-2.308964116075773,2.0880160196605964,1.050146104297995,-4.769000233681141,0,1,2,3,0,0
1.9379226014654944,2.2772928542366286,-0.4286213727278145,3.4828472246144706,0.46918069523323314,2,3,0,1,2,2
1.0408088055434606,1.1718910218053677,0.9267295144110452,2.615388029830396,1.40444688164234,0,3,0,1,2,2
-4.01664595938645,-0.11771309375887623,-1.2952164929832244,-0.6825580213517721,-2.123961346482306,1,2,3,0,1,1
2.5395393565768463,-3.4922661401763158,0.8894279687677588,2.594179221175467,-3.8643257430522064,0,1,2,3,0,0
-4.648543114819882,0.3584451287906501,-0.6138196842751908,-0.6058067039591942,-1.6100598157850485,1,0,3,0,0,1
3.2657910849865015,1.8254257563011096,0.644000590260944,2.168182655699377,1.8552882239482924,2,3,0,1,2,2
1.8600600798091376,1.186301011673034,-0.04847232299178364,3.7274351305435065,0.8958685987233264,2,3,0,1,2,2
-3.677278449327747,0.618321700394203,0.22495839391032013,0.34091090706756705,-0.6216719997322668,1,2,3,0,3,1
2.3984273751627696,-1.5257382872352159,1.0127517095743945,0.5484076437289584,-8.435022577044572,0,2,1,3,0,0
-5.318442127807051,-0.16470953430498741,-1.826429275672088,1.5102090683905223,-3.752728760685655,1,2,3,0,1,1
-3.8972223730180646,-1.5674328920847156,-2.4489453184953147,-0.6802558864920308,-3.6314817837476134,1,2,3,0,1,1
0.9736076050330148,-2.2447674779767195,1.4298304919305953,0.2433456520037356,-4.483993391177659,0,1,1,3,0,0
-0.7050564756618054,-2.301116918832909,4.061686610491874,0.3693008131629141,-6.414871019849589,0,1,2,3,0,0
1.3905338444172832,-1.7255031847120241,1.1841512388357116,3.0228602357174346,-4.198162661344791,0,1,2,3,0,0
1.3379647834560113,-4.69346344997027,2.98905416738596,2.8967161968352704,-6.210104792931964,0,1,2,3,0,0
1.033935954717041,-1.0171444283115638,5.247181022991547,1.6475096888929541,-3.155227783660063,0,1,2,3,0,0
-1.0168297775453063,-5.400299609419205,1.0622106613299311,3.2507324706513234,-5.219448851293681,0,1,2,3,0,0
2.7010523309977286,2.421160702147161,2.505243524913062,2.0160533974606416,2.254675578062775,2,3,0,1,2,2
-3.992350497569037,-1.6109670432057526,0.011659931049127548,1.3057106627691248,-2.1866040681055576,3,2,3,0,1,1
1.625372185157256,0.9852760813824023,0.5762533829368042,4.207665880498741,0.947837837089517,2,3,1,1,2,2
2.186953970651423,-2.356630207698398,1.2756946966398632,2.93360512603292,-5.511089136423767,0,1,2,3,0,0
2.261391019838611,-1.8375148941677062,2.7641450730813455,3.115699331024687,-4.468638282032064,0,1,2,3,0,0
2.8587994287975103,4.4186388218503,1.2923812500608571,3.9892909571990915,4.874987989462454,2,3,0,1,3,2
-2.2150575125953713,-3.7956626168041065,3.3556103104393786,-0.9821813458962523,-5.294616066266814,0,1,2,3,0,0
0.10959808986691699,0.3045377490956436,2.39798911527252,1.6799250477186474,-4.319491720234224,0,2,2,3,0,0
-0.889872299507459,-2.9793975110986644,2.314564479992664,3.0869702475475536,-5.046773448567893,3,1,2,3,0,0
-5.608463485319234,1.166764703956793,-2.7824719385625807,0.3285562384570769,-3.1975664086245414,1,2,3,0,2,1
3.1585485362836714,-4.011897928916401,0.8711719046139119,2.633949832949951,-2.944248593435046,0,1,2,3,0,0
-6.182548333442934,0.9249345851131754,-1.629432704583667,0.009154335564574193,-2.2366554599444983,1,2,3,0,3,1
-0.7773688809265475,-1.7433761018223597,2.1661014155282445,1.6146396293065584,-3.1361733528093136,0,1,2,3,0,0
0.4366789431967087,-3.7147472661579344,0.8342958727472074,0.3888558928286052,-4.593249637779451,0,1,2,3,0,0
-1.0559130315661687,-1.6050149803219758,2.361954094678994,0.42508629441895374,-4.9067448321595695,0,1,2,3,0,0
2.6088990860622965,1.1675285243969475,2.138238796183469,1.7662252284002458,0.7638576507027045,2,3,0,1,2,2
2.813608929274545,2.253714704104237,-0.4548729704666464,3.72790007809389,1.6359398249554062,2,3,0,1,2,2
-5.135918667438321,-0.5496100153716278,-1.4886720999016514,-0.480566406697792,-3.7837061252558115,1,2,3,0,1,1
1.7138093816259885,-3.0184303522993643,1.3213058383186627,3.380982848486619,-5.107153161492529,0,1,2,3,0,0
-0.8758972832558001,-2.906958751210227,0.9854974767192192,3.4606410996029555,-4.8360537226122835,0,1,2,3,0,0
-0.4023867241956167,-3.665195052458711,3.4790691931004227,2.1217990069439625,-3.1930023011547224,0,1,2,3,0,0
0.5664339034269499,-0.084761765330712,0.1275624940126756,1.8825986678589999,-2.830564754981114,0,1,2,3,0,0
-3.428590021380101,-1.140461094145475,0.2199458701062038,-1.143307138661739,1.2388729451817206,1,2,3,0,1,1
0.8748123692648531,-1.1014509387086313,0.5722465580074347,2.7550929174058814,-5.976576144390316,0,3,2,1,0,0
-2.2770694805498355,-0.5225193276019255,0.12854006241252414,-0.9563927223531103,-0.8238178956281914,1,2,3,0,1,1
-2.177182430984656,1.2804639539218,-0.4584228056619705,-1.6625085954271845,-2.506577139673614,1,2,0,0,1,1
-2.1102307722457585,0.913928543200531,-0.6158501036462937,0.4298728386210708,-3.16698864531,1,3,3,0,1,1
1.320085417670214,1.869111770799624,0.38508740070114533,4.690524133269432,0.8084034457465382,2,3,0,3,2,2
2.117911879071495,-1.8630412530660907,2.5941444460060024,2.9750044789938377,-6.194393181091042,3,1,2,3,0,0
-3.2252943136965553,0.05567805359861078,-0.38079605821479195,-0.05752941548502766,-3.8769289548519072,3,2,3,0,1,1
-1.2685624796176376,-2.621035657374174,0.7932202757651281,1.9406026645813759,-4.975493295256736,0,1,2,3,0,0
-2.4871923759612846,-0.32637843551568224,-0.49306940783670566,-0.2116774963332846,-1.0849418988226578,1,2,3,0,3,1
2.1313604187027493,-0.7665768145207628,0.42368630706514787,1.7041140604732492,1.7516001066587323,2,3,0,1,2,2
-0.5278585759805283,1.087524406879163,0.977489216871152,0.17749478239372407,-2.2204718077145356,1,2,3,0,1,1
-0.19117084864443012,-2.072396338380847,2.5051534008914684,2.682940806172299,-6.57290703230543,0,1,2,3,0,0
1.0294883905364085,-0.8801028576738317,1.985952203323993,3.048344305373791,-4.945727804905821,0,1,0,3,0,0
3.393525406403904,0.823392961594819,-0.9191645919884865,2.7271772456682926,0.6273629269428167,2,3,0,1,0,2
-4.658980770130388,-1.242720476277992,1.2822954630947654,-0.5968105403862662,-2.163376691351159,1,2,3,0,1,1
0.4583349638046809,-1.9252328193038473,0.3258692676381152,2.7745644356786414,-2.582042202356488,0,1,2,3,0,0
1.229422745770081,-2.476896445129719,1.6991970016143423,4.25734311955715,-5.624236905988252,0,1,2,3,0,0
2.575266819318144,-1.8349196925240039,1.0374114752216474,1.1349509512495561,-4.838249460183078,0,1,2,2,0,0
-4.353719632539784,1.4964089611111244,0.37399109617752146,-1.23683116597089,-1.540688466327031,1,2,3,0,1,1
1.4675711645690863,3.6039265254212514,0.40706579506441676,1.607122607779872,1.5351673004485442,2,3,0,1,2,2
-3.1378464702365356,3.1250151509248116,-1.2442536309367274,0.3469041730233345,-3.0911767128055283,1,0,3,0,1,1
-4.6472559100761535,-0.21069101257741474,-1.0105635485716673,-0.8150527942244599,-1.4261658850757692,1,2,3,0,1,1
0.6602734398826728,1.9804876848094988,-0.174719250760767,3.1818252793604787,1.3184100888117303,2,3,0,1,2,2
1.299169159453331,-2.5300310684787033,2.534614572153095,2.1262066018638923,-4.543815499889038,0,1,2,3,0,0
-3.1713129766759356,1.00500988746747,-1.9565490084745072,0.8456281163347856,-1.1493981024622537,1,2,1,0,1,1
-5.4495231408855975,1.1953955547368489,1.3800909696403696,1.6683918384036447,-4.083911205285769,3,2,3,0,1,1
2.6968305654756155,0.9555520394555654,0.07536166780707008,2.7053044883455404,-1.4895627830940508,2,3,0,1,2,2
3.6126359575390685,2.1835654880714577,3.1312476351696032,3.022712840643661,0.820694426905412,2,3,0,2,2,2
3.0715353695080303,2.1492621686724322,-1.5035381764536735,2.591609961806609,-0.62416144723242,2,3,0,3,2,2
1.6262341095171375,3.802950508727805,-0.2846702393588695,3.684745068179831,-0.6037982025047988,2,3,0,1,2,2
1.9651020897516034,-1.9542217411965277,3.4810057184474354,2.1660049758781543,-5.712719105639434,0,1,2,0,0,0
1.46798662878268,3.2968116104271292,1.3346659727432832,1.970452414881131,0.28848174342886534,2,3,0,1,2,2
-0.02318302869527744,-5.176707101287625,1.680928884862254,1.0765144967465592,-5.512915284473879,0,1,2,3,1,0
0.3349547207008368,-2.196950757281611,-1.6405852615071876,2.810874674640094,-9.25568336189233,0,2,2,3,0,0
-3.64628649924427,-0.07316550838781538,-0.9682933663162605,-0.7181686042708054,-2.6642244028237108,1,2,3,0,1,1
-4.770315925784393,0.3549092986201807,0.44393062283565565,-2.699027739012325,-1.717737923172054,1,2,3,0,2,1
3.496144689881647,2.823970107497412,0.48371112284280643,2.925513817136659,0.8840616927132317,0,3,0,1,2,2
1.5997698772027362,3.0116953430991895,1.3347789220069377,4.3901506488604225,2.217984269765779,2,2,0,1,2,2
1.326101690268255,4.805113084150618,0.08564558467652672,2.3288260914947623,1.19992789175032,2,3,0,1,2,2
3.2159428845538818,1.4369827315853674,1.1467608558324232,1.140906360285868,0.013806231212811548,2,3,0,1,2,2
3.5549764198013802,-2.846154292240492,-0.5280987609636734,4.276517024798604,-5.426827288782781,0,2,1,2,0,0
-4.0769159961715555,-0.5001091539839961,1.0542225814184072,0.21174928907597862,-2.7950394937478418,1,2,3,0,1,1
3.085686167966955,0.5503998078511549,-0.9213615113151585,3.0029990079987243,2.3320651045279606,2,3,0,1,2,2
-2.1578999023715797,-1.3224001491431274,-1.0180730947060896,-1.0257076082857348,-1.9989893036562163,1,2,3,0,1,1
0.7755342493908637,-2.959077910263547,0.6580465026415638,4.809918572013979,-2.7353858891480334,0,1,2,0,0,0
-4.6590599683850975,1.2254352788870648,-1.1440889864528891,-3.061317128688041,-4.686413269316924,1,2,3,0,1,1
2.277134034153132,2.0826374795817424,1.2983757861513672,2.982025757035323,2.6428465976313755,2,3,0,1,2,2
-4.46541943068491,-0.5204998276568532,-1.2074658811771937,-1.7565814148322558,-2.6396829982924457,1,2,3,0,1,1
0.35468251872525997,-1.323338426320009,0.5058021181452583,2.3590186658127568,-1.7603794997195918,0,1,2,3,0,0
-5.245451445854489,0.3101155894703298,-0.461995602888808,-0.40292039557680387,-4.355204045415392,1,2,3,0,1,1
-4.255363877000491,2.909991820764014,-0.22681657301299585,0.8135940166533971,-4.062432792387799,1,2,3,0,1,1
-0.4166306044102823,-4.330719228272533,1.8060344968857243,2.45218899495538,-5.709795369121328,0,1,2,3,0,0
-0.2904402344150274,-2.7130753307043074,-0.23314608011181415,0.5909574965088462,-2.322491437200633,0,1,2,1,0,0
0.965440553557453,-3.1268249577271643,1.4026405672728706,-0.20362567606198612,-4.568419466529198,0,1,2,3,0,0
0.10232955402997901,-3.9472823843264333,0.45517399123821645,2.455218441283789,-4.485176129087413,0,0,2,3,2,0
-4.337982132973057,-1.5434079600418518,-0.47770121988955483,-0.08232702170809236,-2.7224588103225487,1,2,3,0,1,1
0.5011213095236666,-2.8512508580487688,2.3447647050995637,4.03283532101871,-4.660010910200887,0,1,2,3,1,0
-3.331659176481718,1.197391897447335,-1.8066993923197796,-1.3326896371323405,-1.863453050316037,1,2,3,2,1,1
2.917996360905524,2.189697063223116,0.43640635595628563,2.723620066732829,1.9377155167332842,2,3,0,1,2,2
4.532209622337659,2.319527735351466,0.73485633133875,1.9876850783414255,2.035502332243717,2,3,0,1,2,2
0.18686889429170228,-1.650998200186452,3.6741773178722212,1.800803199198874,-5.3873164449863005,0,1,2,3,0,0
0.08494765158601725,2.980184860226797,0.37762053990907635,3.570634537599081,1.6248013144884499,2,3,0,1,2,2
-0.891818432831361,-4.772702681577712,-0.8236125440257855,0.9169810218203114,-3.2876411563766337,0,1,2,3,0,0
1.2248085624538794,-3.51562891723496,0.5412342231360416,3.780783334684673,-4.562288901458024,2,1,2,3,0,0
3.586104493435899,2.862890881935913,-1.5409960725419152,1.9832880740000618,-0.0358924075835092,2,3,0,1,2,2
2.138986567698744,3.561267728508641,2.326265464729524,3.35587359097213,0.7168596880019318,2,3,0,1,2,2
0.7033306170699368,-3.6118365899526843,0.4135523170077895,1.297628950663534,-5.2785361004755655,0,1,2,3,0,0
1.9227522268960913,-2.2484396774044892,-0.030549087498326966,2.2028406377824434,-3.987153288059202,0,1,2,3,0,0
2.680593640340767,0.5966662600668167,0.5485415519710737,1.2559157147547648,1.5244329797702196,2,3,0,1,2,2
-2.308208900352149,1.0497430916338284,-1.0477364119243138,-2.2576073071052982,-2.6791873175597307,1,2,3,0,1,1
-3.583893562137117,1.268009706059858,-2.630044334882204,-0.6624199637059542,-1.3117643231930924,1,2,3,0,1,1
1.1698832526241556,1.9337591971020058,-1.905348370506204,1.3075352657988784,2.426408848770817,2,3,0,1,2,2
-4.5679332412158,1.5518879035029571,-3.0964119175173215,1.3127864273936987,-2.1987323377846972,1,2,3,0,1,1
2.8243467030459097,-5.3834931377027,-0.5257269038102712,1.6996067937106982,-4.860154513309508,0,1,2,3,0,0
2.502340349511491,3.018741921243787,0.4930622517472892,5.504701017117391,2.8845182985946156,2,3,0,1,2,2
4.29084117790695,2.8668043571680135,-0.5035278885606793,4.383519453958743,0.2801543710287705,2,3,3,1,2,2
0.12164988278840905,-3.0939262522606903,3.5112991572801526,1.102708527963115,-7.772924368749979,0,1,2,3,0,0
1.3178364666253026,-4.436818574309287,2.151506048072471,3.234111501892083,-4.428324229587075,0,1,2,2,0,0
2.3091074661892708,1.7630777817437115,0.12745110309123797,1.0859668610958746,0.013616785526972652,2,3,0,1,2,2
2.7397996776016575,1.6307743899647256,-0.6263204915048834,4.831186357270575,0.9429431271688173,2,3,0,1,3,2
1.2238382245733996,-1.9321201342997232,2.2318295904865346,4.793499754255316,-4.982100976897603,0,1,2,3,0,0
1.18505689501769,-1.6797728194601467,2.0215415286754976,2.508328816471888,-3.889084213383172,0,1,2,3,0,0
-3.810474427887186,-2.0488182037721083,0.48178616487667747,-0.36647876072475205,-1.2450523729500753,1,2,1,1,1,1
0.9540214113665688,-1.3084720766415765,0.8613347501953266,2.751096238119941,-4.908623389179218,0,1,2,3,0,0
-4.121842214839849,0.5887482872185228,-2.3181493953466346,-0.8153498116199814,-2.9441058557702884,1,2,3,2,1,1
0.272427762352363,3.628644300293376,-0.2439991514309806,2.94668910482727,-0.3663314109802056,2,3,0,1,2,2
-3.058263975897496,-0.44898707830829765,-1.1156788333440804,-0.3253590038943046,-3.0138751278035114,1,2,3,0,1,1
2.607023469358926,0.8932084816396766,-0.5784948357137738,1.7168522480197708,-0.2572932698878092,2,3,0,1,2,2
-4.764307737133439,0.9317674666543428,1.0445696939017988,0.035504694571143997,-1.4459189147092206,1,2,3,0,1,1
0.5392091327987192,1.8389669472684937,0.5203164363541809,5.038658898032587,1.2719722336363726,0,3,0,1,2,2
2.763035363841276,2.746317250841528,-0.011411455507284896,2.914832348164708,0.2306250799501205,2,3,0,1,2,2
2.84469236152637,1.9300439346936349,-0.21284722500553444,5.730104327897726,0.18836297473961883,2,3,0,1,2,2
-0.2692545229046055,-3.245155357884866,2.527241345466495,1.2046615900963573,-4.352573273290747,0,1,2,3,0,0
-1.3303738415337787,0.2796473204978884,-2.1849277685150605,-0.8547319145718554,-3.0945524278560907,1,2,3,0,1,1
1.7806911881530614,2.861417125174518,2.1901403912870063,3.75665690433377,-0.5931431562125027,1,3,0,1,2,2
-2.436577755380444,0.23558557734285296,-1.2363077641574378,1.2568194219893605,-2.782989899205381,1,2,3,0,1,1
-0.3112561229892943,-2.9156483749488626,1.0531047781041718,4.009460903031391,-5.075513302110053,0,3,1,3,0,0
1.9196542499049458,2.252441095870206,0.37818608421135075,3.465268480951531,0.06831461987720133,2,3,0,1,2,2
1.9609962983554654,-2.4830641700519007,2.831061601209223,1.8148226021820988,-4.93705857669649,0,1,2,3,0,0
4.625025678181242,2.0000517963253386,-0.9462169045175506,4.2904320691432085,1.9257335526053379,2,3,0,1,2,2
3.0597656676571474,2.080524484202639,-1.3421890075386056,2.614253637124395,2.8263081743008254,2,3,0,1,2,2
1.8844492499442576,-4.797647566659387,1.4733991477737676,-0.03756260317076254,-6.671660967907236,0,1,2,3,0,0
2.4806388689390695,3.403058738369603,2.104255652897497,3.7535383223458223,1.5135222688737506,2,3,0,1,2,2
2.6028429484293,0.931907864342703,-1.4547641508518192,3.8649214333742044,1.3917748486528128,2,3,0,1,2,2
3.229350206970354,2.1937805557093193,-1.720240547181701,3.7429415559337977,2.6899216285947998,2,3,0,3,2,2
4.309951660496231,0.8603007939037619,-0.7172391702093583,1.6543213415058917,1.5569314167708463,2,3,0,1,2,2
1.560254830153422,-2.7181428470125475,1.3681700150631586,2.255749937890356,-6.9023892923842265,3,1,2,3,0,0
1.6945977906601712,-2.078240976241297,1.424740704040024,2.1908242335587853,-6.527462941678569,0,1,2,3,0,0
-2.4261736881155427,2.0427747576803443,-1.3478629514934934,0.5402349840125265,-2.4201504054555265,1,2,3,0,2,1
0.2935035486795097,1.0353457691216739,-1.885003127640977,3.5762686564743964,4.528410021834885,2,3,0,1,2,2
3.0478649562634423,-2.557268493219689,3.98055722155744,2.2394534113938445,-4.720318580379217,0,1,2,3,0,0
-4.499347136999384,0.21817715010444533,0.019567111014922145,-2.8995237019070266,-0.8920664174072703,1,2,3,0,1,1
-2.9353653655838254,-0.9566706674034475,-0.551044459365138,-1.9154464003873783,-1.4811799495608349,1,2,3,0,1,1
-1.0756163717876688,-0.737885129005047,-0.5296779824950419,-0.08499258975986856,-2.25296701986604,1,2,3,0,1,1
0.19596293044613966,-2.2834996203734157,1.9390881475436355,2.0008063680137687,-5.001773893313744,0,1,2,3,0,0
1.5910918171262705,2.7216166112358446,-0.04393273076239829,2.9839711279892454,2.4737188998082713,2,3,2,1,2,2
0.02224099355554887,-2.627182595992015,1.1290798063174794,1.0653701987439417,-5.301925661570964,0,0,2,3,0,0
0.7755039660588696,-1.005207557076852,2.9042807685959753,3.361595871246109,-4.212648170045679,0,1,2,3,0,0
-0.4237224459602613,-0.1042914222749165,-1.2959900600475418,0.10039410990807322,-0.9479129953538585,1,2,3,0,1,1
-0.6542082347746323,-1.6344759036994352,1.0659912469439896,2.8361566158607685,-4.199035468631679,0,1,2,3,0,0
1.2038206346268685,-1.5840594825891543,1.1909955956899898,3.3279282189374872,-3.595422104447745,0,1,2,3,0,0
1.9055644749305496,1.5648413307786382,-0.6164786077291333,3.0837533221915563,1.6429811270086976,2,2,0,3,2,2
-0.4093578799518074,-3.6926501263069773,2.546386740645211,2.085568452101074,-4.100606342783221,3,1,0,2,0,0
1.6387951299481498,0.6139162686467237,0.4404291812531557,2.1912080997028545,0.6037873662994708,2,2,0,2,2,2
2.5366651955773336,2.6382657388097965,-0.000579746434800188,2.435695308727917,0.9652697086333657,2,3,0,1,2,2
2.3206796728810297,0.24931061145090494,-1.412958182742264,1.1607062996311537,1.7585164635576223,2,3,0,1,2,2
-5.784676032293079,1.2426844575627671,0.6754679186021559,0.731467200620054,-3.188180731774958,1,2,3,0,1,1
-3.725896522200673,0.48751018236514954,-1.7704966098056454,-1.418201392361651,-3.26087526964481,1,2,3,0,1,1
4.08034267363367,2.4061478160746517,-1.423229217778627,0.9696777664019893,1.0341766754974133,2,0,0,1,2,2
2.6949170934003517,0.4592332775271646,1.389804870976945,0.027206142233812347,-5.2501687430697235,0,1,2,3,0,0
-5.560547878230013,0.8920431605899631,-0.7912821974065061,0.005629338156352207,-0.9797286498205933,1,2,3,0,1,1
2.252084874313231,2.8545034777452494,0.32323485631602406,1.2658971862140311,0.1932045260618973,2,3,0,1,1,2
0.7280247777941415,3.7459628751650227,0.6473906835976151,1.9034679001753831,0.9642817669481355,2,0,0,3,2,2
-2.6168935184980695,3.816694586016717,-2.9229904480502453,0.3468121352672539,-3.044837925276637,1,2,3,0,1,1
3.4094147016378775,0.31382714346475193,1.4529861420500287,2.3307426428548994,-0.06543173349940945,2,3,0,1,2,2
2.457333393820214,1.8941761850815761,0.6823421350226215,3.0933682112110334,1.2396853552601348,2,3,0,1,2,2
-3.902890985461163,0.1073699756308582,-0.6816464525268982,0.6837470052999596,-0.8355823729929046,1,2,3,0,1,1
-3.1420847769722293,0.33256350974543164,-0.8583357971234841,-0.7340410804737246,-2.671989934657595,1,2,3,0,1,1
-4.5243128607517304,-1.9577763919615185,0.7533016766857243,-1.0341738202324102,-2.1574574558614303,0,2,3,1,1,1
-4.666889147127915,-0.613526105379707,-1.5467054931657587,-1.3105887427266512,-3.394874546412046,1,2,3,0,1,1
-3.839985040134009,-0.054668566788266426,1.634161157672043,-2.123974192215241,-1.5328640937789912,1,2,3,0,1,1
5.189781577123293,1.4314144609769466,-0.5202863533286446,0.6881713639256097,2.8440832387238064,2,3,0,1,2,2
1.8064594306897501,-0.8248308527921631,4.029372055036574,3.929181236785121,-5.009268989590811,1,1,2,3,2,0
-4.719299660965621,-0.6773228500081894,-0.6154805278852264,-0.0624483609656776,-1.7929275133219624,1,2,3,0,1,1
-4.1848608409718695,-0.42313485519142235,-1.578251553116686,-0.7207693917867687,-0.8135799522765745,1,2,3,0,1,1
-5.020787048417663,0.9232594099704514,-3.6875359020962,0.7360699197257332,-3.92313682150154,1,3,3,0,1,1
-3.4568976504673685,1.6348780875868298,-0.09413132302863148,0.8361731794243434,-2.9301138256442663,1,2,3,0,1,1
-2.755806989389049,-0.9889356951423596,-0.033076804713063956,1.0480690629600433,-1.9803694473789388,1,2,3,0,1,1
-4.236518845151753,0.825541203810009,-0.9034246897611421,-0.8378113945248398,-2.927303602123461,1,1,3,0,1,1
2.883308595681938,-2.443630839833776,3.055415402743812,1.7522570727310525,-6.29952049133502,0,1,2,3,0,0
0.8485797110344857,3.4634097487722375,1.4438989535670974,3.4630236424928866,3.5354084979626905,2,0,0,1,0,2
2.942941809874701,2.4751463130162903,0.09196907825351808,2.288444242580942,1.3506223105484334,2,3,0,1,2,2
2.5195432805089357,1.578638402980282,-0.46714709128157234,2.523501229737481,2.5472641754174052,2,0,0,1,2,2
1.3839491285464574,3.1584723350203467,-0.12978818449159868,2.038578565906285,-0.33519295918408143,2,3,0,1,2,2
3.53488658524663,0.9212481010105869,0.4765268625888862,3.1279984418167546,1.7509204262736113,2,3,0,1,2,2
-1.0104366808287997,-1.3192933657148596,1.4783421829994374,3.688922724470887,-4.417535435815626,3,1,2,1,0,0
-0.3217199143183531,-1.4820726501521462,2.338069148843179,2.1634463137883264,-4.926503002997111,0,1,2,3,0,0
-3.8975533512078497,-0.16419420439784516,-0.141249474997307,-1.0351039826423156,-2.625250604551968,1,2,2,0,2,1
0.2717929039940754,-4.27769185735986,0.02377774648964537,3.135305650915507,-5.209628079737446,0,1,2,0,0,0
-4.576242284237027,0.0334773867418503,-0.9283400196612626,1.8694916131866475,-2.558246582485563,1,2,3,0,1,1
2.3274333803938507,0.633861046068021,0.5617001782081543,4.75239559038107,0.5802187627976616,2,3,0,1,2,2
-2.8912884861757915,0.933417450221243,-0.6206184439897247,-0.5186360656612107,-2.531540860141674,1,2,3,0,1,1
1.6024252938046248,1.7058819149977245,-1.361149477498022,3.2945409401728583,-0.9752985569837782,2,3,0,1,2,2
2.817645109278484,2.5260520521464134,1.009894833089025,1.6073438443141783,0.6360913919276067,2,3,0,1,2,2
-3.103532714822563,-0.3808154202492041,-1.4247178381975862,0.6855464935697279,-3.7386687125225633,1,2,3,0,1,1
-0.14031431799012184,-2.12352030558265,2.5428264958962927,1.604810550672925,-3.69270179757891,0,1,2,3,0,0
-2.5917566227255016,0.618297326328249,0.41979554628685145,0.5393412333373844,-0.6713395939925864,1,2,3,0,1,1
3.5777471463064527,1.8908003175469292,-1.5211204889093124,3.9774586346250094,0.7243286240367857,2,3,0,1,2,2
1.895228162069401,1.6906239148757365,0.6567782074509878,3.515541591813185,0.17716154343542423,2,3,2,1,2,2
1.2507876410073355,1.1053773207755149,-0.03370382691778562,1.5436475068042166,-0.3033491258318495,2,3,0,1,2,2
-4.67438945380352,0.7179956000665348,-0.4945867013260626,1.2595007759958918,-1.4715005618617014,1,2,3,0,1,1
3.165815197317235,-0.03285273075299444,1.9267749311013966,3.7619231190182782,1.122081313886653,2,3,0,1,2,2
-4.276432314015027,-0.9734988892062417,-1.1501901577253941,-1.5019273521080079,-1.7305589778890542,1,2,3,0,1,1
2.538624660050636,0.7035464711367185,-0.2008298612239544,1.989707522406751,1.891048133957844,2,3,0,1,2,2
-0.9839942829232684,-0.996536945586634,3.3736679715874613,2.048390989814477,-4.441442766227703,0,1,2,3,0,0
2.3079257985679815,-2.5259147047407975,1.9208013932220351,2.2448560537230335,-4.87303246968884,0,1,2,3,0,0
-2.3229612163667173,0.20525806350149198,-1.3521780568481063,-0.7972162749621272,-1.5712260794423614,1,1,3,0,1,1
-3.958550619697697,0.6413963450645928,-1.931249929481846,-0.2579309992206893,-1.592831427066109,0,0,3,0,1,1
-3.6660322360342517,-1.3686959908040208,-3.1639053556995087,-0.3558771750404041,-2.0648137885420708,1,2,3,0,1,1
2.1250511196525927,-3.704980742972192,2.9021511786728773,3.118963482375517,-4.346533222589727,0,1,2,3,0,0
3.2341505040149725,-2.870478004674958,0.34370825555186935,2.435315288171825,-6.169082212017113,0,1,2,3,1,0
0.9991407977163009,-1.292899269548288,3.469351348237373,2.268446269306667,-3.2532849041513137,0,1,2,3,1,0
2.3367119969404193,1.5792711126708647,-0.8403111666301395,3.6617335682745757,2.6532340058410764,2,3,0,1,2,2
1.1582721052490457,3.427678017888443,0.5387679608438509,3.2585672494371476,2.798594332156089,2,3,0,1,2,2
0.6247408292526742,0.15954664604354418,1.9850190660187508,4.493793864047708,-4.448804664381838,0,1,2,3,0,0
-2.947458290301081,-1.7377820666771322,-1.6471898775214089,0.884246257083072,-2.4682220162934216,1,2,3,3,1,1
-2.3841307334201938,-0.7976871776123104,-1.9895803504561702,0.0021637051556237102,-1.9250012513512789,1,2,3,0,1,1
3.402341980698372,2.9308044799027826,0.856623773964893,1.6141221489860607,2.7018095857184425,2,3,0,1,2,2
1.2335149832671206,0.750752095737997,-1.0882230420670786,2.076437729277833,-0.07289183319157977,2,3,0,1,2,2
2.4329520362836297,2.37865537209835,-1.4628430772238967,0.96712148805821,0.10390532922716966,3,3,0,1,2,2
0.26336398717045606,-3.3344764244730087,1.707178925816481,3.630588067923207,-4.689129690700177,0,1,2,3,0,0
-2.468707093750136,-0.9819317390052724,0.9044092030942517,1.1869157140485078,-1.784747247831869,2,2,1,1,1,1
-4.33244033218139,-0.871815161482514,-1.0264045853366843,0.9506044657847446,-3.7296625220701385,1,2,3,0,1,1
-5.021623588744818,0.9977850624899368,-3.9128724589209822,0.20448973859278996,-2.7063094882385395,1,2,3,0,1,1
1.666451081724519,3.259850678198778,-0.7017556867378221,2.104430204891286,1.1810693764503917,2,3,0,1,2,2
1.3802851828670515,-3.2930069304280196,3.40546464984563,1.5983067472537313,-5.641526311357273,1,1,2,3,0,0
2.2941696980237305,-3.801509984909092,3.89643144096177,1.7142399855111772,-3.6237405966892777,0,1,2,3,0,0
0.6769762414035928,-2.198806111403982,1.9374984597787372,1.4327694580623793,-3.7973664948106345,0,1,2,3,2,0
3.2342758236020375,1.7504146349228742,-0.6389173723508268,4.180432695403908,2.097442772721953,2,3,0,1,2,2
-4.242691194850717,1.80506143342069,-0.44633713890782983,-2.3385385755554333,-0.8866619041533672,1,2,3,0,1,1
-0.4569021980629715,-2.2237436486610047,2.8818798709894002,4.747488861008179,-1.3809530124257954,0,1,2,3,3,0
1.9225517823974052,-0.7798090770341415,0.9198348023601148,2.71377668200116,-5.748057798044162,0,1,2,0,1,0
2.969275512957665,2.739511194309907,-1.6617003328266315,2.540831401540694,-0.7730993677919564,2,3,0,0,2,2
0.8325028648039401,1.4144496855647777,-0.4043387764398067,2.011885729706635,0.7898259722441073,2,3,0,3,1,2
-4.7849908495744025,0.43339323959466425,-2.2641051416891673,-2.6584423442465486,-2.5882215839517575,1,2,3,0,1,1
-2.3069765947963887,1.495103417305381,0.7594172779314521,2.091982194303065,-3.1723091853252763,1,0,3,0,1,1
1.297657413352078,2.957206723642238,-0.2700563966212604,2.2806633232883295,3.5144043741236093,2,1,0,1,1,2
0.3220487949052926,2.2077630422770578,0.44659144097516457,4.8590543275340625,0.366767313604471,2,3,1,1,2,2
2.6061514840872517,-0.860746504117675,1.4261943616971806,2.7990745730990487,-5.625908798744446,0,1,2,3,0,0
0.550834145674701,1.3702456448630511,-2.417762243522102,3.1066086423737906,0.568515525122599,2,3,1,1,2,2
-0.7690308886194277,-3.959904922405416,0.7727852463142095,2.9480046838425515,-4.706677088349912,0,1,2,3,0,0
4.566720661333476,0.6878293264799273,0.898085981267067,1.993777871421067,1.2643806427511914,2,3,0,1,2,2
-1.776012275184984,0.05368560392049021,0.40415528648244337,-0.8701415431430571,-3.9152568103606784,1,2,3,0,1,1
0.7013415781845203,2.7960740773378223,2.1704222181789365,3.4102214032405165,1.1203624917892991,2,3,0,1,2,2
0.979275101867205,1.3177936631213627,1.1024941901715302,4.081276318558755,1.083914645560759,2,3,0,1,2,2
-2.3138223077977713,1.36458833235818,-1.7560384371287316,-2.211775750005617,-0.28041839171648597,1,0,3,0,1,1
1.5267577825674241,-3.246485846742531,3.253503182396419,-0.521700574902531,-5.821466901759593,2,1,2,3,0,0
1.181013446458594,0.2591624736196487,2.380354307986068,2.8166555604924524,-5.077901487764869,0,1,2,3,0,0
-3.566985604770725,1.4833663927883078,0.25852673384392166,-1.2202947089016858,-3.159241562424241,1,2,3,0,1,1
1.6120758544015161,3.632418478953144,0.5535394185979181,4.301042489013052,0.2619972959198831,2,3,0,1,2,2
0.5787656604432478,-2.139887628377045,3.0759170858084968,1.0811684926039435,-5.027598808018084,0,1,2,3,3,0
-3.3926353687614923,0.44812704392957947,0.22694401129748432,1.611280589768971,-2.1353101123389386,1,2,0,0,1,1
-2.0622282054066132,0.41886285015404007,0.9015879135033678,0.3292925139511877,-1.383588691970511,1,2,3,0,1,1
4.176229531345727,1.7270025971163294,0.7023347800171218,3.473157622707056,-0.07517412336740636,2,3,0,1,2,2
-0.7199830049076958,-0.8691945161777459,1.2752342970078439,0.3652973791558143,-6.131640423138153,0,1,2,1,0,0
3.4755463237866815,2.770813879747036,1.337075187876796,2.865278696649238,2.10094259426829,2,3,0,1,2,2
-1.2576510265528873,-3.001822301584169,2.07143166764215,3.0548785886091685,-4.024116075883165,0,0,2,3,0,0
-1.9877547109316416,-2.2347201907649272,1.9625682773952366,2.8480801334252663,-2.938136353653142,0,1,2,3,0,0
1.0375068443067899,4.516616028304747,-0.048314126443387395,1.88837662272605,2.8860923543372707,2,3,0,1,2,2
0.8101005017866338,-4.143632267701675,0.2438179499689508,0.6388481083545454,-6.998734507161847,0,1,2,3,0,0
0.891249232597718,-1.0284994437686068,-0.046583459754567125,0.8494351340506674,-6.799121496177215,0,1,2,3,0,0
2.0926003968053513,3.156556274810284,-0.2000954594847108,2.5614762962273847,-0.00392212172811357,2,3,0,1,2,2
2.247942217295015,1.870661023046806,1.010054513870782,1.5878879840870712,2.3891458135155412,2,3,0,1,2,2
2.023158099243617,6.089335521265388,0.507225353513767,2.3613532009404445,2.8728068569746394,0,3,0,1,2,2
-4.085769202565327,0.11721890383767028,0.46188559640563787,0.4300493505441944,-3.8089642882353076,1,2,3,0,1,1
0.7454165492317223,-1.7579638878937587,0.6340342526673741,2.336910210032114,-5.130415988870379,0,1,2,3,0,0
1.3072803115156875,0.5228582661775818,1.4056480735818115,0.7731834666431951,2.2810004519219635,2,3,1,1,2,2
0.9309764472082698,2.8507819697436916,0.5866483550885414,4.137123809962455,1.644557536523216,2,3,0,0,0,2
2.1941349856137307,-5.204698757355732,-0.5407951243222047,3.3064181772417633,-4.805025833893749,0,1,2,3,0,0
-1.8775410577366094,0.9702353507873206,-0.49698817027413555,0.13261487264199245,-2.3425714629909637,1,2,3,0,1,1
-3.0506986729080436,-0.3529383546454772,-0.7533498402726904,-0.34447827224474953,-3.0757817484515764,1,2,3,0,1,1
0.6231940442273567,-3.603228803416184,2.670625831014246,3.131710597672072,-4.165322337747911,0,3,0,0,3,0
-4.150788546687067,1.3632119159516027,0.623215342521666,1.2256598094763376,-3.0388731222343743,1,2,3,0,1,1
-5.879179141656476,0.49969836433224235,-0.4018181733323822,1.4091145883497311,-0.24700683963510883,1,2,3,2,1,1
-0.9943377028183253,-3.308808682357423,2.2548539938245518,3.798436136043915,-5.752488576926921,0,1,2,3,0,0
-3.112892919272313,-0.1598577219879007,-1.116258272377025,-0.06588489884862442,-2.919501973852727,1,2,3,0,1,1
-3.0030992178524194,-0.5382508663587982,0.7838238338049415,-0.42021216162299063,-4.454046701789691,1,2,1,0,1,1
-0.20488154907392397,1.0326383281584728,1.344964707237525,2.0633685915007525,0.17412316026978836,2,3,0,1,2,2
2.598753751120517,2.167095806474063,0.9902597253138554,3.473437214491019,1.4599464812187484,2,3,0,1,2,2
1.8836411803048712,1.741268830146732,1.6917633780295576,1.9196763693761343,1.2783258822406594,2,3,0,1,2,2
0.9515356012722094,-1.6666393986993286,2.8445379278495078,0.407565397707911,-7.574310238043617,0,1,2,3,0,0
-1.8969860210587814,-2.493556464628199,1.1179362766402723,0.40807168851008613,-0.8391977920397318,1,2,0,0,1,1
-1.2842564150323146,1.8377929425042057,-0.7612680145552115,-0.3940866030374906,-2.2911312743097003,1,2,3,0,2,1
2.221284361125201,1.9028647385500628,-2.0976107414291247,2.3411230155047646,1.2362201393370964,2,3,1,0,1,2
-0.44473623220536584,0.1279658866044,0.006261935874056573,2.2511747629331724,-0.42048529406215196,2,3,1,1,0,2
-2.3712449300517338,-0.23546585167128276,0.40525938053912935,-1.2344403462885016,-1.779098407863895,1,2,3,0,1,1
1.1656752853596406,2.86745684093254,0.6990072189565861,3.364461143519973,1.5057985741007407,2,3,0,1,2,2
2.6324155633693715,2.25223053160261,0.9894211452280197,4.885498877462952,1.3739197782551202,2,3,1,1,2,2
-4.919179471080027,-1.3723626357824374,-0.9992117209724951,-0.9174955267234978,-1.6790446213403118,1,2,3,0,1,1
1.074909407102719,0.8567625674397747,0.7169570634723645,2.732702630796378,-1.0941405770552395,2,3,0,1,2,2
2.1661479334348224,2.20289239051887,0.7660525041583732,2.0653179063198275,2.9275655576445314,2,3,0,1,2,2
-1.685552838899903,-0.27256084306643746,0.000774576243319669,-0.5182995032460719,-1.9961120347505779,1,2,3,0,1,1
0.8874298126969762,2.445324802210566,2.1621566457002057,3.196154660759487,1.8442028598489832,2,3,0,1,2,2
-3.2387709159567817,0.3331342438606056,-0.9082947630979645,-0.8211183972928854,-3.915284222811236,1,2,3,0,1,1
-3.952600993393575,-2.4112826765478887,-0.021417617584987503,-0.17780498543539863,-3.3478304405997443,1,2,1,0,1,1
-1.8949016400789809,2.847862687851989,-1.4828246486369305,-0.062206962240833254,0.05385644667746092,1,2,3,2,1,1
-2.712402664380285,0.704620583507742,-0.504285531744823,1.8513189521575413,-3.413722341787813,1,2,3,0,1,1
-2.89914972227246,-1.2965620506172653,-0.5378062275894111,-1.387720148981428,-0.3777835027659171,1,2,3,0,1,1
1.054295675868056,-2.7814574416968902,2.395241331587526,2.4257115713939856,-4.745113100899928,0,1,2,3,0,0
1.9770516807698726,-2.41344507239908,2.2982356795951873,2.415198208071476,-4.877486699924893,0,1,2,3,0,0
3.2645239669586514,2.8925704979390483,-1.5410377389534986,1.0970363684709583,0.26212449314148,2,3,0,1,2,2
0.37113868556264024,-1.9880823674293961,1.7498590284150977,1.8771188169738688,-3.1169704707837402,0,1,2,3,0,0
3.8216076288649257,4.851417319872565,-0.40582219927210067,1.23359524120679,-1.5155372428411114,2,3,0,1,2,2
-5.418876202857254,-0.582992033762811,-1.8815299471829825,-1.087462180191699,0.26854590297423453,2,2,3,0,1,1
0.6005212250880914,0.35096082178024135,0.804979169359556,1.2035376999006089,0.8980929303477889,2,3,0,1,2,2
2.586194846682552,1.565129992210186,-1.1568694515860742,3.617102734788141,1.1837898669359506,2,3,0,1,2,2
0.5714308949396525,-3.8427447689922127,-0.13349154412908515,1.7678423000900376,-4.942127032616575,0,1,2,3,0,0
1.7590309285876478,-4.210570465246327,1.3877954909890724,1.6495628290584339,-4.933492696041798,0,0,2,3,2,0
-0.1892382971634189,-2.5680578560099208,2.5607724328823256,3.093240648576396,-3.0153318274876044,0,1,2,3,0,0
-0.6972764095388784,-4.476133803043665,2.699026831845737,1.930268932316461,-6.104324309611386,0,1,2,0,0,0
-3.1743821862588057,0.4575217018154287,-0.5963032401168737,1.205239960141542,-3.435851282574927,1,2,1,0,1,1
-3.71149444178643,-2.1994466031552795,0.21687522807014692,1.6800045198259999,-0.3444606081780637,1,2,3,0,1,1
4.675168379945073,3.579429731372626,-2.110105495072237,4.523394143103823,2.2924538560476906,2,3,0,1,2,2
1.0324645067982954,-1.4627807337832794,0.5428021084150734,0.9450458794970811,-6.18957660109945,0,1,2,3,0,0
-2.6733506466788395,-0.9734725867225769,-2.3348954095026047,1.8573924423672783,-3.2407855548539146,1,2,3,2,1,1
4.637299366809477,0.7161025245325017,0.40892506397572603,1.858514110662909,0.5123676906161202,0,3,0,1,2,2
3.0605124014300666,1.8417510812829936,-2.1614264085011903,1.231359342339861,2.7081247829533703,2,3,0,1,2,2
1.9589367475439117,0.5669963883443601,0.2717993929701825,1.0606641754437758,-0.06390336039507716,3,0,0,2,2,2
0.32446679666872497,-5.216212342988608,1.9193999016734977,2.3458522243088202,-3.6229492418869746,0,1,3,3,0,0
-2.815849246775743,-0.026341541834569104,-0.3046276981493433,2.6392606016764963,-2.4570861494484806,1,2,3,0,1,1
-3.8437153472023255,-0.7484238917981101,-4.105817087667447,-0.5636422622284829,-1.6893801472940646,1,2,3,0,1,1
0.8931751307225835,-1.2499075595516087,1.8600290452063726,-0.36108591782738797,-5.106500524036049,0,1,1,2,0,0
-1.4799403187746731,0.18935704869602543,-1.733562004118283,-0.6615600099945322,-0.8121650020972824,1,2,3,0,1,1
-3.837436436269864,2.5851097737535724,-0.7919501472564237,-2.724045491239121,-1.7037718523471412,1,2,3,0,1,1
-3.513742115047181,2.458353559163868,-1.0471627150789027,-2.2025773238417385,0.13904884357310232,1,2,3,0,1,1
1.6026604876175812,-4.226937030953104,0.9226086433660773,3.9156898723477394,-3.869323776401554,0,1,2,0,0,0
3.910876657828834,2.0469254964954766,-1.828729159783172,0.6051584760190525,1.4748718082714243,2,3,0,1,2,2
4.577207297331778,2.0002956428300602,0.2418499975456658,2.369971457800664,2.4959809054334574,2,3,0,1,2,2
-1.9540305740398358,-1.7986633704452053,0.3779764052018153,-0.03206460181120956,-2.3771480522834074,1,2,3,0,1,1
1.963887176567887,-1.1746901536869152,0.6513803661001383,0.11960930312328033,-4.75874618642595,0,1,2,3,0,0
2.830191564326035,-2.81538332154036,1.4163032041529577,4.105144941668677,-6.2060427900867765,0,1,2,3,0,0
-5.0820878973855095,1.5526982925827995,-2.0125851196924653,0.08096394676306608,-2.423752675814279,1,2,3,3,1,1
-3.3030963059721685,0.8505465338818667,-1.155918596286956,-0.5335816078023242,-2.0217849730286,1,2,3,0,1,1
-3.608666035388495,-0.22778642742021593,-0.265419672617788,0.6910110059323031,-2.6536503388446127,1,1,3,0,1,1
2.2358567606910444,0.9262498681492013,-1.0932332298900704,1.9156595130373315,1.4353320466894561,2,3,0,1,2,2
1.8922979271313258,0.10095306171927709,-1.6075728122501978,2.1174386905094194,1.1588374949146096,2,3,0,1,2,2
2.8346129563831006,-4.440593951500604,2.912721605953969,1.957181523230562,-4.951177186629208,0,1,2,3,0,0
1.8608509468702301,1.6482912839584678,0.750666388868545,1.5233543929617215,-0.7848773011113392,2,3,0,1,2,2
1.653697704830209,-1.9481751436350052,1.07751634076971,2.6300053786580984,-4.737565000665716,0,1,2,3,0,0
3.888633550252698,-1.1025696624224255,1.1225077842381632,2.261609092063038,0.6763644778881789,2,3,0,1,2,2
2.649371294291899,2.983460242388154,1.0212292988364255,3.5245857648774574,1.0506724652407777,2,3,0,1,2,2
0.6906535241549597,-3.475104589249633,1.378760310513113,3.112104244258526,-4.8739960221946435,0,1,2,3,0,0
-0.7100766839953945,0.6009183476967308,-3.0255881840087095,-1.244853788680183,-4.221213405767329,1,2,3,0,1,1
-3.2346472121742265,0.17343473905421308,-1.3527173183383048,2.371108441119895,-1.4738303700416568,1,2,3,0,1,1
0.7967246352780815,-2.5628595319620002,1.734994963005998,3.808439585692237,-8.084989291358117,0,1,2,3,0,0
1.1668821579447988,-0.910982032024779,1.9848298777982378,3.124138342910264,-7.337794492871818,0,1,2,3,0,0
-3.9209356539243316,1.605166454633752,-0.06708214835268878,-0.1980341675589098,-1.389683796776127,1,2,3,3,1,1
-1.284989959832542,-4.538750272786053,2.4546081921467735,1.7241493555744185,-7.955281181819271,0,1,2,3,0,0
2.5634754725804836,0.5793670441371441,-1.064038057327596,2.7051577399386995,1.7731537006589786,2,3,0,1,2,2
0.33284284946124765,1.236622240707804,-1.1984866915679964,4.943914156404178,2.219559993854075,2,3,0,1,2,2
-4.0253000320952115,0.5971394352102509,-1.1498119701610219,0.7645342843550021,-1.5624561381163393,1,2,3,0,2,1
0.30842486007615205,-1.500386536311759,-0.20372293433463673,3.3858118514725954,-5.333211801805664,0,1,2,3,0,0
-3.086045944556627,-1.7881710569773632,-1.0783316963312655,1.5022078214138814,-4.424325305829487,1,0,3,0,1,1
-4.4771899009782175,0.9570688822293111,-0.6540470024505998,0.1792371548500748,0.2085223602900803,1,2,3,0,1,1
1.1384825531351428,-3.6000028327405262,-0.03135300245461958,-0.13616833221151525,-6.21844890722212,0,1,2,3,0,0
-3.9079881323790633,2.013181390970268,-0.896009295183395,0.20364512946391394,-0.717864324623972,1,2,3,0,1,1
-4.00949409689917,-0.5547315743932194,0.13523343085534767,0.9289426794275705,-2.3075823686405292,1,2,3,0,1,1
-4.608992395362598,-0.2724806005410009,-0.6209031128503024,-2.832448543609866,-1.848418478788317,1,2,3,0,1,1
0.5399578631317657,-3.4170757188859686,3.3431775959249794,2.165976412495472,-5.39158135823032,0,1,2,3,0,0
-0.044501729029533754,-0.827087904597197,1.2250586053819532,2.9060667777907843,-7.123049710907775,0,1,2,3,0,0
-0.6025175134952945,1.831697319230825,3.452481703633007,3.8577424994021294,0.19570662305980768,2,3,0,0,2,2
-3.0236308713799573,2.9674313764866955,-1.419133815108438,0.4647439291897094,-0.8504553382407922,1,2,3,0,1,1
-3.538449859732813,-0.04843573747291119,-0.6649784449932042,1.9939011258042987,-3.7410372685593947,1,2,3,0,1,1
-3.144233431920991,-0.6024257835392816,-0.6874143039618055,-0.994855143799346,-3.4521998339471596,1,2,3,0,1,1
0.2709867552026126,1.5686951118824337,0.36369529832315495,3.7526986779653195,2.2608951495578395,2,3,0,1,2,2
0.6145711343919258,-1.405118602521331,3.147196476191728,3.582416002440321,-4.830892123352839,0,1,2,3,2,0
0.6463779750780797,-1.246337636782076,-0.8607574249301644,0.5554453630940432,-5.985051701908912,0,1,2,0,0,0
-0.07902768504472446,2.352049958628392,0.38834015628566637,3.4871940288098617,-0.43627907632135887,2,3,0,1,2,2
-4.7667444472031555,-1.2562002539217112,-0.9761393912028463,-1.468659078077848,-2.9759157707193946,1,2,3,0,1,1
0.8259706515723587,-5.101242851587408,2.61325251554462,3.2560378748984533,-5.178911077278886,0,1,2,3,0,0
-0.04809166576300372,0.5654886899260076,0.1774794197218658,2.3282952062333373,1.6425468810054231,2,1,0,1,2,2
-4.484883462651403,1.4092764201397958,-2.2338423839401917,-0.3856422567989327,-2.83587178690462,1,2,3,2,1,1
1.186735747542972,2.2844239963531456,-1.8021911426544426,0.36907239664305846,1.5507227988138517,3,3,0,2,2,2
1.214130042220525,-3.9523457578422754,3.4704852697354664,3.8461737431842824,-3.7260793407345023,0,1,2,3,0,0
-4.405062687997271,-0.8601213052717167,-0.4589092437544501,1.1526443000344966,-2.288293262760154,1,2,1,0,1,1
-2.284415088931988,0.43412785410349675,-3.714257276755742,-1.2221020681515586,-1.3072964610141031,1,2,3,0,1,1
2.492422009610433,3.2206905527142027,-0.617412739380313,2.0640136829838434,1.3864910331705484,2,3,2,1,0,2
2.1508020090114393,-0.87639815772529,2.5114240780670096,3.987526245480873,-7.13454608520346,0,1,2,3,0,0
-4.336689602261737,2.2104141185230057,-2.8339408151309273,-1.7716238534415865,-0.8006462472071103,1,2,3,0,1,1
-3.3694071398670014,-0.07900122788859298,2.4541756478763084,0.43108228556971495,-2.995987674108207,1,2,3,2,1,1
-0.23785136796913542,-3.2692349305954966,1.3860616368104715,2.3977091385551352,-5.2516835686215275,0,1,1,3,0,0
0.7785749656244294,-2.1960605136747176,2.386087066439522,0.027051471731536658,-4.07770076930315,0,1,2,3,0,0
-6.93198460673067,-1.2141050273359506,1.4728205094083424,-0.6978482453947755,-4.513581686688745,1,2,3,0,1,1
-3.2060327427367823,1.6907080752663513,-0.7665617318193815,-1.4809434451349983,-1.4799574139993337,3,2,3,0,1,1
-2.4736000223830445,1.065522583663379,-0.8353055839215078,0.19506464527228223,-3.5548313155727307,1,2,3,0,1,1
2.148338263706456,3.1486513876255673,1.4602555316215848,2.540366860193533,1.8824016092743348,2,3,0,1,2,2
1.1831723737442743,2.2280689770062114,-0.9667151653402273,2.5447843627224707,2.09542712845312,2,3,0,1,2,2
2.1746869661593107,-2.0730562508857475,3.9688494209174934,2.8782035814639935,-3.88400215947812,0,1,2,3,0,0
-2.5892739488219982,0.3726614113984332,-1.7615576627882032,0.03920261591452946,-2.1662311608088425,1,2,3,3,2,1
2.448874435405114,3.384155574985375,0.7287495515850984,2.8998241735453445,2.9453169963469366,2,3,0,1,2,2
-0.4357255586695792,-0.48245662867980443,0.3203681881780829,2.3884278139346726,-0.15822886295242733,2,3,0,1,2,2
1.9349821500465596,1.7556984391542112,-0.02727478748458287,4.517200146912804,-0.29018460258053635,2,3,0,1,2,2
-1.758795061784855,3.694780105804681,-2.841677805551142,-0.9280547908132517,-2.8720199199433787,1,2,3,0,1,1
-3.927987338909043,-1.3681997444964658,0.434860266204004,-0.6865192812400577,-2.623288727184497,1,2,3,0,1,1
-0.33193964837866985,-1.6106477907392633,2.9815088851898937,3.137003225115378,-3.9829892838046117,0,1,2,3,0,0
2.06284649211141,3.7549433865594644,1.3261372430924023,2.4329272089596152,1.1749970940209382,2,3,0,1,2,2
-0.5629936630599153,-2.2126033086893413,0.496025396533307,3.2057842185672962,-6.295362853149175,0,1,2,3,0,0
-0.19566661695611565,-2.08660458770468,2.4029172247828168,1.7193533206425848,-6.116464395100408,0,1,2,3,0,0
-3.0213239993843297,1.074885815240854,-0.632357905113573,0.9405138466562082,-2.0190987793847097,1,2,1,0,1,1
-3.7919358773972327,0.5722426128653095,1.1125981162928846,0.22437643945080343,-0.47214538550235097,1,2,3,0,1,1
-0.15081791829955915,-3.2728652625065338,1.8494306356970902,0.47595057657021544,-4.603063936919865,0,1,2,3,0,0
2.328994789434268,-2.3367012639646116,1.3830153125156586,3.6789582430499013,-4.3630802454806545,0,1,2,3,0,0
-4.2789741485065225,1.0966899315922363,-1.788433808058607,-2.173644060376187,-0.9091967177363947,1,2,3,1,1,1
2.645285609229437,2.947217752035864,0.028377072239339413,4.950166833961227,1.455752497190267,2,3,0,1,2,2
0.3932928373845863,-3.5041933620300925,0.6374127848227389,0.8580456458567445,-5.944144747511693,0,1,2,3,0,0
2.7020419775844076,-2.4427277261691356,0.6733152126871818,2.219738848944887,-4.9203208550627,0,1,2,1,0,0
-0.13109720865530328,-0.13172402075328526,-1.3403046428607086,0.8807561521277726,-1.149684816239384,1,2,3,0,1,1
3.4962355007113097,1.552987420623777,-0.04789624060926484,2.3654715676731968,-1.1314056904879775,2,3,0,1,2,2
2.078693440562531,2.6307108577364224,-1.3103321329284772,3.2466574289456673,2.478673698883081,1,3,0,1,2,2
1.585442431162094,2.436402540549051,0.5690251918558515,0.2982206345499354,0.22596092170911053,2,3,0,1,2,2
-2.0103314245730948,-2.53473596313278,1.30999674915014,2.9026747170379688,-4.035243620169067,0,1,3,3,0,0
-5.488881188562463,-0.017279073102640763,1.0692621984959956,-0.5648789995608094,-2.0114856688517646,1,2,3,0,1,1
1.0051494316634138,-3.9121259101556185,2.3525175549147512,2.4238749050873354,-6.440770511835948,0,1,2,3,0,0
-2.5008932148234315,2.3715337527326987,1.9305665638201501,-1.2788633320795297,-2.0481068661412034,1,2,3,0,1,1
-0.3118797233609132,-1.8279681119743858,1.4026018420846356,2.345265550913949,-5.073719449864006,0,1,2,3,0,0
-3.394968741528234,2.53018179820013,1.5187887635561321,-2.039230565756963,0.8601025879396373,1,2,3,0,0,1
-5.257090287022711,1.3080661203707642,-1.51418045593936,-0.5126741092650616,-4.360782301262149,1,2,0,0,1,1
-0.6026797142839078,0.1731003423525433,-3.4216586698278455,-0.6996904136545096,-0.6543596577867861,1,2,3,0,1,1
-4.707927240495142,1.494210617402853,-0.6962652774208103,-1.077362917248646,-1.162352519411528,1,2,2,0,1,1
3.0005961595002826,1.140862124885727,0.2272752626944562,2.0697800058648506,0.5369653198107762,2,3,0,1,2,2
1.0964298409627649,-3.809431805149493,2.745267202463617,2.4270146329796742,-7.1479234756088825,2,1,2,3,0,0
-0.13352520859693762,-4.100338912309015,2.489594166973185,2.8209293828979165,-7.0216369852762845,1,1,2,3,0,0
2.2195392191647416,0.7128016936341388,-0.423089273984215,1.36381135344255,-0.36567860570213173,2,3,0,1,2,2
2.06413710472117,-2.1601225769165633,1.532629509249313,2.89617048614847,-5.247995638290286,0,1,2,3,0,0
2.9725149643351436,4.409933952117303,0.2592169008365337,2.744104634372233,1.5395761829329553,2,3,0,1,1,2
1.325653648366113,1.9928835252379995,-0.20964508962494333,0.9153789678997755,0.06422644813095446,2,3,0,1,2,2
-2.819837669898375,1.1565869822234136,1.9423100574083623,1.1232047093903037,-4.029017000348592,1,2,3,0,2,1
-1.111357324207253,-2.9567483008384015,1.9955009571350293,2.2480910087927763,-3.928620625606494,0,1,2,3,0,0
0.3001519162315922,1.9559425820805865,-1.1556016557331419,0.7368401024814011,1.333021340457376,1,3,0,1,2,2
-4.0888070574662185,-1.6207502722797218,-1.4308299116784107,1.024949887271687,-2.7830145031651154,1,2,3,0,1,1
-4.070223944378173,0.31052025196083266,0.3258469482885151,-0.9674790932422885,-0.14375847465495406,1,2,3,0,1,1
2.591388251394119,1.637712192515016,-0.2639593863624019,1.176798338863611,0.20167202128888417,2,3,0,1,3,2
-4.509764104833964,-0.36166556398502836,-1.5355921436756619,0.9014362286227752,-0.9614289585810878,1,2,3,0,1,1
0.42243780040899437,-2.7273785823483307,2.1438744116035426,3.0915888306057706,-6.077242646037848,0,1,2,3,0,0
1.5903751242674002,-3.11266344120508,2.0663756188082,3.102120263738839,-5.248803819298876,0,1,2,3,1,0
1.5184393067848914,1.1873259220138142,1.433703868192679,3.2724702060257247,-1.2849005599756707,2,3,0,1,2,2
-2.78657873584912,0.9739889222786858,-0.5126139477751346,1.116201697513677,-2.027168654437077,1,2,3,0,1,1
4.930341364608779,2.018412253999742,-0.7533498742413249,1.3961447674790255,1.8311192311968325,2,3,0,1,2,2
2.1347071514733593,-0.04196716621225094,0.7996697359645755,3.2716581686609705,3.458311547646372,2,3,0,1,1,2
3.7699257009743516,3.5527851197145655,0.7854653104964102,2.2719622165736815,0.8814080774905259,2,3,0,1,2,2
0.344135002522562,1.5806378985197738,1.4797036376980115,3.4786232305418245,-0.4021407072354686,2,3,0,1,2,2
3.643903999084458,2.0395378959373383,-1.535333951820543,5.645088435337863,1.1340432768523965,2,3,0,1,2,2
-3.7971101083130696,0.4060221782186761,-2.3450159022181976,2.005307215992445,-0.7892090019704505,1,2,3,0,1,1
-2.82470103837403,0.37487077421075204,0.8031814642160007,1.9768574086473958,-0.7723273754832001,1,2,3,0,1,1
-1.491793819773011,-3.889679482182496,2.927980314413967,2.6755263120147785,-4.383222073082486,0,1,2,3,0,0
2.5466706470091136,-2.9259695260259897,0.49342937998402214,2.062887154493623,-4.755150414945902,0,1,2,3,0,0
1.4520859084750457,0.5957137236570498,0.6929855039282371,4.254056460204494,0.07909843683513396,2,3,0,1,2,2
1.4111506323515162,-1.6844484867969152,2.4138472262395876,0.3286950101162649,-4.23194664372069,0,1,2,3,0,0
0.843376650647385,-3.0945395197496,-0.2931082422137763,2.145534378718417,-6.748847854001321,0,1,2,3,0,0
-1.9607939203201088,1.7578248117382458,-0.9950725888862889,-2.603635294732949,-1.3918719223432399,1,2,3,0,1,1
-3.149893291558593,0.5831029205341465,-1.1010535628818316,1.731931829098549,-3.213440439389162,1,2,3,3,1,1
-2.7856535223380665,-0.1527639576382397,-2.733492665000753,0.09464733920969272,-0.8377982518506142,1,3,3,0,1,1
2.9078227544737394,1.0540637287046823,-1.4594922795531888,2.4000597815391953,1.2786050827167474,2,3,0,1,2,2
1.6655491919184529,2.8557420891692624,0.5287346834223002,3.5264877050037504,1.0907185483675432,2,3,0,1,2,2
1.6675274057370582,3.198557437497719,0.7314882259567286,3.500194446909865,-0.9566724504401214,2,3,0,1,2,2
0.789819078723545,-3.319659604543877,3.8202123604794043,2.7878495713895903,-5.139222925359897,0,1,2,3,0,0
0.33923243880020293,-1.9611892429372206,2.3146608667530373,2.846690924893221,-4.360602768025132,0,1,2,3,0,0
-3.3213706065992965,1.67882879254172,0.7268412903466883,-1.7481192729742094,-2.5074363489209937,1,2,3,0,1,1
-0.3114225559069561,-2.991474671628887,3.5891103299375486,4.556275801563059,-5.280715041682768,0,1,2,3,0,0
-1.2619690820948437,-3.591435625237982,2.173327070846875,2.1363398404383287,-5.181641054372209,0,1,2,3,0,0
2.8365871084489225,-0.9688955452465047,2.1823840897431928,3.972161936121223,-4.8631241549124,0,1,0,3,0,0
-3.3626332503966765,-1.5980618424138429,-0.628458338617257,0.4980219143454765,-2.405513114106611,1,2,3,0,1,1
1.671138721140803,0.33180114454277043,0.6695112949141886,3.4734100944177966,2.4773397449963923,2,3,0,1,3,2
-4.191968912729137,0.9313858572495549,-0.1283759550214052,-3.5425947505972015,-0.7042429747218089,1,2,3,0,1,1
1.776372429564303,-4.490703458205977,1.0824277187479638,0.9624542322979284,-6.036009405405107,0,1,2,3,0,0
2.2080877726156474,1.8060778448035675,1.4422513673996586,1.6439739613703608,4.5461102995495075,2,3,0,1,2,2
-5.232444326012722,0.6684808213584004,-1.216111537560585,-2.888637527436939,-2.77546766625723,1,2,3,0,1,1
-3.462894066087919,1.4770618266054134,-0.829411023293214,0.5948298318689573,-2.367814976347969,1,2,3,0,1,1
-1.8279023608106235,0.1359699564707577,-0.13036348562722655,-0.8856857908380845,-2.275849258066202,1,2,3,0,1,1
-0.2693582560738075,-2.1574593247022404,0.7254688685213444,3.405552152546762,-4.937499064818094,0,1,2,3,0,0
0.6495990928583293,1.6281716583824786,1.768732093355229,3.1029087419726986,-0.44650023778387116,2,3,0,1,2,2
-4.991854258853814,2.3864329383129927,-0.4631714592280279,0.4136222029760584,-2.5034366571694493,1,2,3,0,1,1
-2.3587223057836493,0.38849309364400275,-2.131399603320485,0.4555366482713216,-1.43821585835575,1,2,3,0,1,1
1.060337471147378,-2.5469054118762013,1.6326312077614857,1.0524991541120905,-5.058850224762906,2,1,2,3,0,0
-2.5557190043665035,-0.2718307147564578,-2.962862466163135,-0.7652661293969888,-3.444084108252449,2,2,3,0,1,1
3.593450542775466,2.7900572372371477,-0.988118866406144,4.5074135837251195,2.6439632732086107,2,3,0,1,2,2
-0.4881124597594477,-1.274345207118203,1.3813237428704666,0.6512012798617859,-4.345012720374865,0,1,2,3,0,0
0.3079976345388108,-1.0408863082579607,1.448611224242432,3.2364304731385385,-5.997929187646443,0,1,2,3,3,0
4.120380590631582,2.843940485283746,-1.0445807011457937,1.7176039547677144,1.895403601899286,2,3,0,1,2,2
1.1087359778140593,-1.8424143945949907,0.12754100568934335,1.9678063313492733,-5.442035156785945,0,1,2,3,0,0
-4.444776345860616,1.4811995733828507,-0.8949584515861806,0.3657673956277947,-1.5803474516118738,3,2,3,0,1,1
2.811344476213288,0.2718776561308198,-0.5856721837786352,4.108970578413112,1.5968809040001437,1,3,0,1,2,2
3.0707423735927795,3.373200653213873,-0.6182788087119133,2.665399046637737,0.9630335578447622,2,3,0,1,2,2
1.9062612870872373,3.531042911466543,0.9280887498221588,1.3895225117940557,1.3626029382147302,2,3,0,1,2,2
2.598265975647203,-0.6454197567251418,0.12048380198238047,1.5937870668779772,1.2903418218140303,2,3,0,1,2,2
-3.7977899429800055,-0.47945224542631015,-0.26979469271882717,0.26022240459328416,-3.8183596760663425,1,2,3,0,1,1
1.3155925488566877,2.786100844586162,3.5794300177922067,2.368348927671982,1.2539670141400518,2,3,0,1,2,2
-2.679159384141675,0.8088750514598599,-1.175254934864013,0.9029763515019082,-2.187279571039399,3,2,3,2,1,1
0.8945284464804917,-2.5983524494958545,3.643672276143632,-0.5896347632700691,-6.578808975826075,0,1,2,3,0,0
1.259084019317274,-3.7874060096394757,-0.6823275473614276,2.672665545790638,-5.853117286006982,0,1,2,3,0,0
-2.974290734703518,0.5007068400860086,-0.09546811527383592,2.581033625940428,-1.7998623814809338,1,2,3,0,1,1
-2.1421578876943492,3.4066219322818894,-1.690608564357169,-0.6508835854412323,-2.4999526770858944,1,2,3,0,1,1
2.140314256592284,1.3857757030660505,-0.6576516469268745,4.674610400778013,1.0699825417988333,2,3,0,1,2,2
-2.7869028486911365,0.9152126491270912,0.3028791726237807,0.19629145105709822,-1.545349092207859,1,2,3,0,1,1
-2.4865738349122912,2.2724826152758366,-0.861457141625022,2.826264359021443,-2.7150852624308977,1,2,3,0,1,1
2.782677193736211,2.1114139262862808,0.05001642082387506,1.81628163409428,1.082375044702368,1,3,0,1,2,2
-1.7999883370880083,1.6506047817087712,-2.7010220835487018,0.3198598744147629,-0.9139915591544345,1,2,3,0,1,1
0.18430335074758386,-0.8746279377014843,0.4816325742349987,-0.18857354778660218,-7.111802155525604,0,1,2,2,0,0
-2.7194549488211113,1.6893779296420748,0.6526344869844196,-0.5539288734316414,-0.7346764847081968,1,2,3,0,1,1
0.9100520418957101,-0.1274481787761632,-0.7897378661016636,1.5615929525003367,1.8693172099816517,3,3,0,1,2,2
1.7036055433158404,-2.273116559272151,1.0194782006723624,0.7712155377081451,-3.874618496057386,0,1,2,3,0,0
-3.808680303852801,-0.200278180029412,-0.39731071691661607,0.6589999942620263,-3.22175082625467,1,2,3,0,1,1
4.402769140951886,0.5142222654421207,1.9993497210556779,4.043955656597865,1.86157264577173,2,3,0,1,2,2
-3.953361488293721,-1.5416222868994522,-0.2469839732843495,-0.581967351998301,-3.4234929693082288,0,2,3,0,1,1
-1.0460862789309369,1.1987254774790417,-0.4642211276622115,1.5946016076191505,1.367507935909296,2,1,0,1,2,2
-0.8252566605639364,-3.1833932224400954,2.380400040885646,2.228535743044719,-5.6582643161213015,0,1,2,3,0,0
4.07191877696885,1.7203700768071475,1.7334762079878592,3.240419942402471,1.7342739050451863,0,3,0,1,2,2
1.3602560286697463,-5.128591082396865,1.8243676819470542,4.7484288043437495,-4.7187721639513835,0,1,2,3,0,0
-3.721808584435977,2.0924734058878163,-0.1827066958306509,-1.6161666926933755,-1.3271362049975117,0,3,3,0,1,1
1.5100913081269685,3.3406748157401394,-0.20236575086281727,4.143497047666763,1.6835318249827527,2,3,0,1,2,2
-3.5664998783338953,0.3948389718022705,-0.6615654647945941,0.2161148692221213,-1.205562049834637,1,2,3,0,1,1
-0.38395748117090744,-1.431287311740358,2.7144076039619494,2.4737228558252236,-5.792376121267774,0,2,2,3,0,0
2.136613529785615,2.6004802777121525,0.8308325699734163,3.6300404795519126,0.3949409876653186,2,3,0,1,1,2
-6.108197357231772,-0.6221340886689761,-0.6247603256350194,-0.2759787571044663,-1.5594769432258255,1,2,3,0,1,1
2.3924898008125357,4.583097262751169,0.14395922879627435,1.9862786820491478,0.9602584883955219,2,3,0,1,2,2
1.7419237400270275,-1.8498580241034546,3.378197999794377,1.725824288613293,-5.400076939167345,0,1,2,3,0,0
2.469526740736934,2.3343415011618722,2.4191317022947953,2.015411809415979,1.0805989617216336,2,3,0,1,2,2
-3.603299505725639,0.5576584006699409,-1.7112669630957238,-1.0095410785823429,-3.764901944044559,1,2,3,0,0,1
0.4257256319762728,3.6521940179863144,-0.3065867812001954,4.458984850706188,1.2307554129668923,2,3,0,3,2,2
0.9276824178564967,-1.6878005631502146,2.1511816384542253,2.9874894376997947,-5.723195887078449,0,1,2,3,2,0
1.7584803847764447,-0.05562968101591381,1.2450763412187198,1.9457930667038938,2.7279896722943624,2,3,0,1,2,2
2.758089463761571,0.36416975021283515,1.6149921344796405,5.49901471437736,2.3709741190894036,2,3,0,1,2,2
1.2089478517115362,-1.1901551194108302,-0.4120232555059287,2.343330752468881,0.5568007440290067,2,2,0,1,2,2
-4.017224563921543,-1.0765675518325117,-0.5961350099835058,0.8336559147797281,-4.03712777989184,1,2,3,0,1,1
-0.7283139352679926,-2.844842566927858,2.0077052950049534,5.285567965048735,-6.5303667582590315,0,1,2,3,3,0
2.993186468534052,-2.037696931393796,2.6655936020359583,5.6043064236400255,-5.134153441343179,0,1,2,3,0,0
-5.056252050494002,-0.9108911454152717,-1.4359800964875227,1.4321020809754594,-2.9000138879989206,1,2,3,0,1,1
-4.185030994670271,-0.3727946377348268,-0.4140236567304093,-0.6320997974368836,-1.0611828393464036,1,2,3,1,1,1
-2.1521403551794127,2.145641551202564,-0.36005118017145027,1.0443083880320236,-2.5011623066368927,1,2,3,0,1,1
2.9726301623504168,1.0258854773216717,-0.5302513587949991,2.2619694810696065,-1.0545000783982195,2,1,0,1,2,2
1.4685974005181308,2.6947341552677293,-0.16998835915098032,1.6600877476846698,0.8350578040446228,2,3,0,1,2,2
0.8723446895070095,-3.6048381341941935,1.162847566877661,0.5747679759000153,-5.943348596114974,0,1,2,3,0,0
-4.0909032290516745,0.5883619219663507,-0.7882072531608508,0.29634414711226664,-2.9710263421157457,1,2,3,0,1,1
-1.306363389500423,-2.057837944472058,2.4491631942362972,0.9564972548101183,-5.732110421889317,0,1,3,3,0,0
1.1450730159355529,-3.642816963038978,2.0890033270804715,3.8064343951759554,-5.266138016778512,0,1,2,3,0,0
3.4723174616535792,2.672943960297033,0.25346465789367356,1.9226693131516228,-0.116315039383309,2,2,0,0,2,2
1.734219076375568,2.8639005987927115,-0.12232161880105552,2.3641607565830345,0.018622428795797896,2,3,0,1,2,2
2.829937358905746,1.1628306904913082,0.2852803094952086,2.4771842109871427,3.4787887177131362,2,3,0,1,2,2
2.553815644704996,2.319734933702133,-0.13952832944759958,3.7113033239196933,2.0990483798509714,2,3,0,1,2,2
0.035791844015601204,-3.2406405516495047,0.5924250959685153,1.5662718589529683,-4.36411944280069,0,1,2,3,0,0
0.5346994902623918,-2.2055658628622616,2.3104342142307557,3.936205777611835,-5.288931352671846,0,1,2,3,0,0
2.931385524112504,-0.6205208767243346,-0.10230986700561351,4.183651140700141,1.1908464143156978,2,3,0,1,2,2
0.49203281778891217,0.958277482883306,0.2685813473730469,1.4013898097158934,1.0298091436639947,2,3,0,1,2,2
0.85657915899409,-1.2395436910931972,1.4426034795120084,2.7738531571415437,-6.063940550956118,0,1,2,3,0,0
-1.9986704238672852,-1.357622387823871,-1.585848170885272,2.2655325391191705,-0.7797841049630434,1,2,3,0,1,1
0.7003561652061622,-2.6956357422294093,4.033201389489712,3.424467785194126,-4.863853444724832,0,1,2,3,0,0
2.2395081960265606,2.3052176066898147,0.8297283282376382,2.6584112870065617,1.0246710615476209,2,2,0,1,2,2
-1.6257034521150826,0.9292959341570918,-0.5562908430832282,-0.30322452588231,-2.5931709297832444,1,2,3,0,1,1
-4.448650897349939,1.1121320877763379,-0.19309895973570113,0.08070509781617694,-3.4801582778625058,1,2,3,0,1,1
-0.2712173148422057,0.3489486448898309,4.038218326812719,1.8573124897564557,-5.31388792000275,0,1,2,3,0,0
2.5924236916543077,1.1913871491191357,-0.895033443402123,4.080592880648573,1.092128653480723,2,3,0,1,2,2
-3.4416051145946756,2.0367038305074363,0.8515567916592002,0.2500758059199251,-3.118879944785598,1,2,3,2,1,1
-2.0217844886767757,0.2556375651288282,-0.8274990795715913,-0.7428380936271313,-1.9896611036944167,3,2,3,0,1,1
2.0210002320381673,-3.4111810324188814,0.8413464381454916,2.9260624372025887,-6.7203584555459335,0,1,2,3,0,0
-2.797923099058625,-0.6593909696631056,-1.9471367055402218,1.4775625748425167,-0.4857990074941281,1,2,3,1,1,1
3.533606005894172,-2.2077481011356115,0.9973855318336523,3.4505281537135533,-5.008562153508192,0,1,2,3,0,0
-0.39634741529276774,-3.470231543044143,4.43029166843834,1.3657477759087715,-3.871400927150977,0,1,2,3,0,0
-0.010748463594343338,2.0576640262296877,2.5583909375203273,2.678663876188377,-0.9111878979475803,2,3,0,1,2,2
0.6044276631420645,-2.181429192745685,4.217343061667703,4.843788425842538,-4.7943306094752565,0,1,2,3,0,0
1.0356666955527647,0.42100857943946535,4.128341523054147,1.3275197703074508,-5.222448005493602,0,1,2,3,0,0
-3.8977554471124893,-1.4353478539067697,0.14523705416837618,0.8614437068179346,-1.1208006469067473,1,2,3,0,1,1
1.9199441085626425,1.7301934770997462,0.8814118206737,2.647655487540554,0.8348688334815066,2,3,0,1,2,2
2.677273217999886,2.934405306109294,-0.6905797541265364,4.080328850053106,-0.6500569501860518,2,3,0,1,2,2
1.429275837971995,3.976999327487362,-1.0954271881152164,3.331266480075776,0.7844844648683946,2,3,0,1,2,2
-3.869922470338748,2.0006592402937735,-2.047351056519528,-0.9997869230665226,-1.878946048876029,1,2,3,0,1,1
-3.9772017410266023,2.3677221764209815,-0.5311608692717298,0.9238537852741328,-1.9841218016402817,1,2,3,0,1,1
2.628646428797193,0.871972232619004,-2.541133926265812,3.3066587812700132,1.7916969531783002,2,3,0,1,2,2
2.180829589489267,-2.9887419961969552,1.6312445714580215,1.7614250530194535,-5.574369654929292,0,0,2,3,0,0
0.2113823574588788,-2.9517901695797533,4.200805384431563,3.6786038348667924,-6.032097311244543,0,1,2,3,0,0
3.6842872989448905,1.1464057741384233,1.2899291042066174,1.8771322652555915,3.3602245719182737,2,1,0,1,2,2
0.7690127159093642,-2.0619713864334477,3.2744970321727553,4.32828458810203,-4.50604387334359,0,1,2,3,0,0
-1.7731519011834684,0.3356277177706209,0.535322105890315,0.2903475165025164,-1.5823388554793474,1,2,3,0,1,1
-3.9592675482597524,0.332780479017095,0.9325863404623016,0.6242851953745868,-4.186377610610501,1,2,3,0,1,1
2.4064418857230367,-3.1807964234884505,4.567632364399725,2.3491079671664195,-4.38794455937707,0,1,2,3,0,0
2.659695688333161,2.423909545826532,-0.27603781548918316,1.945014599234409,3.7147833377092425,2,3,0,1,2,2
-5.946841913088315,-1.267034151386725,-1.4352390336750571,-1.0395458969020135,-1.6569196162854687,1,2,3,0,1,1
0.982662096911957,-1.4447711786170296,2.203302305634698,1.6776321588385743,-4.0402077648345855,0,1,2,3,0,0
-3.237832599288142,-0.6283826167229101,-0.6346906558596668,-0.12576143667528744,-3.7327790014149915,1,0,3,0,1,1
1.3394660046195912,2.0646513335244623,-1.6297155571474007,2.9578651154817885,0.048902694802912094,2,3,0,1,2,2
1.1084926999885267,-1.1060234112255045,1.3585206636287306,-0.6506280220135507,-6.922379406767041,0,1,2,3,0,0
0.4059075551444284,-2.5201052865701934,1.039219401555811,3.5389125124918586,-6.291552319372429,0,1,2,3,0,0
1.9714001012750013,5.582594736705132,-0.10795855453282432,3.1243350395273017,0.6914398589018643,2,3,0,1,2,2
2.8764237214132486,2.1496058839263306,-0.7686718663296701,5.038597804270113,0.7467581000974945,2,1,0,1,2,2
3.0970716003360437,1.1443788183241441,-0.018800408406816876,1.8291461518127101,-0.32971777721913975,2,3,0,1,2,2
-2.766732094673233,0.784071483193106,-2.1750163805386684,0.14813476683895993,-0.9057211485013834,1,2,3,0,1,1
-3.1912992720148265,0.17659840312470892,0.612839295893705,-0.2563890965773902,-2.9655760923087486,1,2,3,0,1,1
-0.7831143981427586,-3.916102959746807,4.08042422350172,5.837492394066523,-6.283467926225001,0,1,2,3,0,0
2.52307740048931,0.8536826051559099,0.6672756333635015,2.6572703524488435,0.4388856804253699,2,3,2,1,2,2
-5.104330162672693,0.6783027910191944,0.020568146109352647,-1.279445375888224,-2.121601921115395,1,2,3,0,1,1
1.1725132000670135,2.126387652355798,-0.4000289488707916,2.8529505032264324,0.8689266447274422,2,3,0,1,2,2
2.709843673340383,1.9163722875313924,-0.4356650312833437,0.9589944058069899,0.5557718847664954,2,3,0,1,2,2
0.5773705741516572,-0.8551000478522892,1.3283626164464764,3.710093277593132,-5.650828515890218,0,1,2,3,0,0
2.0973517693783945,-2.894033047030082,0.6391515251907587,2.2830663415218,-3.6185796259049714,0,1,2,3,0,0
1.1386853680298374,-2.8948740656167207,3.0185923732840108,-0.35072095776482115,-5.869634027934865,0,1,2,3,0,0
0.38030484103192336,-3.6403665731893504,2.0191990228690138,1.66567272794195,-5.076977381974269,0,1,2,3,0,0
-4.692554713996784,1.0861122659293858,-0.39275644669852433,0.8581750221180784,-1.0862392192711414,1,2,3,0,1,1
1.8897134748382642,1.9550942066087056,1.2303242520437359,4.1646566412219705,0.7565304930392756,2,3,0,1,2,2
-4.406762070926037,1.218668520559239,-2.815423714154977,-1.158320518484783,-0.3129674428635467,1,2,3,0,1,1
0.3276681264530729,-3.7293067807111893,1.337850939882118,2.894212531749801,-6.7564988582512076,0,1,2,3,0,0
2.1353604254906045,2.680132890297314,-0.485420212730361,1.6808794146530714,4.797311098776984,2,3,0,1,2,2
1.8294616194966524,1.5628469180038875,0.7287128072854638,1.8124800009092599,2.5683193234690984,2,3,0,1,2,2
-3.738788296483283,-0.8137064461654964,-1.072787256796278,2.9078894331231497,-0.4621247137648441,1,2,3,0,1,1
1.1753669708693413,-1.7979690438716427,1.0500812508392319,3.4287902810706923,-2.922863634485801,0,2,2,1,0,0
-4.772899157493292,2.4522204162274823,-4.963881952424476e-05,-0.05423823251077734,-0.2243472521878147,1,2,3,0,1,1
3.4191077543013177,1.0246553021977265,0.5848029251611111,2.7325237368689606,-0.09456632010388089,2,3,0,1,2,2
-3.3631256910497376,2.173879589954084,-1.0253532778281813,0.2691422760811676,-3.718246704908273,1,2,3,0,1,1
0.23074984511545782,-0.8539055740763855,2.033910969682686,2.661286378965269,-2.9999263456307057,0,1,2,3,0,0
-0.9719598124267939,-0.2245249501240979,-0.47883705269234406,1.187903137989757,-2.3293540189663458,1,3,3,0,1,1
-5.270381280304256,0.18972100193064556,-1.3109594630439807,-2.5440368497765755,-1.6657647104134343,1,2,1,0,1,1
