x_num_1,x_num_2,x_num_3,x_num_4,x_cat_1,x_cat_2,true_label
-1.2331377904753609,-3.282618239266394,1.1889391755598087,2.2922547218075677,2,0,0
-0.6493267086053944,-2.434203283446825,1.9004012052013937,1.7994138675263118,0,1,0
-0.19179897465666856,-1.6860751826279965,2.1033825863699276,0.7608475562844041,0,1,2
-4.607470605789636,-2.9469479948368806,-1.1312335662916833,-0.1196067059646938,1,0,1
-5.5132302047688055,-3.590490649942668,0.7933496668305487,-0.33259310902850836,2,2,1
0.9806970551224988,-3.8173761420217636,3.240937522014225,1.6433905260587758,0,1,0
-0.005301046738317328,-2.6227915746677226,2.393779323489937,3.5121795032414096,0,1,0
1.6210008801623448,-2.4572863483360026,2.6363915250754726,3.3782275919249045,0,1,0
0.6607736703152791,-3.2791371901015474,2.454741828039315,1.8131581072305336,2,2,0
-4.663483560673866,-4.059564396793167,0.9337237055282969,-1.6517968579285487,1,2,1
-4.871625816653394,-5.071366617047994,2.3922765956869947,-1.9081555301726145,1,2,1
2.0033687359740866,-1.792266186453795,2.182215652693232,4.175280038743039,2,1,0
-6.793326774887226,-4.5413516845584105,-0.779952590290415,-0.7866682179678719,0,1,1
-1.6116063947017467,-2.016273558243144,3.6627066000151753,1.5501959445716773,2,1,2
0.3718855466124932,-1.490669715476442,2.7361958386878684,4.671220925459011,2,1,2
2.027117130923558,-3.365012969912189,1.220539867148218,2.7647396079601125,0,1,0
0.9381283903385961,-2.194606744727938,1.9121788268875086,2.052775359448781,2,0,2
-6.039062243147558,-4.620092501957309,-2.268187125417346,-2.3267370538786127,1,1,1
0.2821288405847744,-3.3685855118180674,3.3156787666798793,1.5895148791912108,2,0,2
-1.826801768855161,-3.213094916357662,2.8534965545299977,1.3088468933738386,2,0,2
-2.433792175470228,-2.0424289640722737,0.41871966596543286,3.803313037228076,2,0,2
-0.32410746833063464,-1.768791200936036,1.1053290462357783,1.816361581332485,0,2,2
-4.866969249000741,-4.464309866576378,1.189199848744357,-0.27132640833844424,1,0,1
-5.511596880424706,-3.9194772886905422,-1.0700780704297748,-2.211117075887912,1,2,1
-4.944504206069398,-3.8754529328158016,0.6620971240136622,-0.9347425551654541,1,2,1
0.8608345720560805,-2.3605531620392233,3.127577863526895,2.074166546971762,0,0,2
-1.3284918352246697,-0.6729426241646583,2.0916561315601077,0.3492325831578491,2,0,2
0.15500705444839358,-3.0372148404745647,3.9464405314683955,1.8399075971329693,2,1,2
1.0046410208911682,-2.8917239885825814,4.768827624953293,4.698538760455311,0,1,0
2.336548327061056,-3.659267336445046,2.5355318335478527,4.1316635072099075,2,0,2
-6.0703317241801855,-4.1159473476265624,0.7740518058213732,0.4524584980031495,1,1,1
-1.495770726536581,-4.2762999789868195,1.957574667267242,1.7495611277467822,0,1,0
0.6083938958533264,-2.569327898345786,4.228412730210265,2.492673590116486,2,2,2
2.163816506307071,-2.4845811758602094,2.9913678237237074,3.4586004325458513,1,1,0
-0.10091666646552211,-1.0711966678582,4.0365219894915025,3.95774283272907,0,1,0
-6.230912098719781,-2.9902270795123878,-1.349687893707127,-0.08672772661861261,1,2,1
-5.60022075099161,-4.410496261997565,-0.2445448742235179,-0.637274942727307,1,2,1
-6.056047509636879,-3.530494150964343,-1.1015342696255799,0.24168578626299742,2,2,1
-0.9216195445386806,-0.5581686811305864,2.694605491758056,2.578746815282177,1,0,2
-3.6238319554055356,-2.9110482376416362,1.3546602163247676,-0.92070559000487,2,0,1
1.6574054104667364,-2.5767980504162917,1.5858438801306773,3.053855472240361,0,1,0
-0.7687185323525108,-3.4548373487072617,2.4141066525243775,3.4079164805329194,2,1,0
-6.261494193216236,-3.867957397606037,0.07177487867940896,0.10061183351266056,1,2,1
-6.255098146090714,-3.662434131608602,0.6567252323539787,-2.0881567781223214,0,2,1
-6.179367570984549,-2.4790532369024496,2.2209078849893764,-1.2846670020708943,1,2,1
0.6336344406045149,-3.1732165580651084,1.0293872153185137,3.001931149543581,2,0,2
0.15109402956852647,-4.2323637907049045,3.4424965405082366,3.08444337432078,0,1,0
-0.7067743660609752,-3.1247705310757787,3.7373854801362985,2.962172099897148,2,0,2
0.7575133416052036,-3.1607148448569204,1.5965658919899814,3.2677663506557217,0,1,0
1.2412829931458067,-0.7808108760009176,1.7717777859290467,2.347274015619356,2,1,2
-0.08487833754749927,-2.505379219730238,0.4821859185291064,1.4182511468073438,2,0,2
2.385643212256451,-5.686610759652784,2.0145033229096874,2.9982065705460883,0,1,0
-0.9172548449518296,-3.455559686840133,0.260541592295374,1.3266333189464363,0,2,0
-4.834061872719746,-2.8763431174342236,0.5675790407734216,0.013929795456094629,1,2,1
1.0785419422405962,-3.5104162681842968,4.099178600375417,2.6475214153686837,0,2,0
-0.08950239372941937,-2.6493241960981284,1.735687418145194,2.028402587573745,1,0,2
0.7616287068109352,-2.7365584543679917,3.2511778343296664,1.763158067195232,0,1,0
-0.16827595812499285,-3.2710041963284158,1.5052553307668584,1.571378610250495,2,2,0
0.22343892579558985,-2.859896367567475,0.786032069187284,2.007677696213116,0,0,2
-0.008735202631973582,-1.6587734520011577,2.533940570338668,3.589011389634868,0,1,0
-4.957500322647164,-5.904005213476814,-1.2988052722891708,-0.7384364859446001,0,1,1
-6.615080024271767,-3.7579114252841235,0.7497308072857936,-0.5312558182887321,1,2,1
-4.808232753507081,-3.8385518945358656,-0.0286281689551115,-2.7564246368056793,1,0,1
-7.1449878341931985,-3.5539113166697818,2.2964760172336085,-0.48255011483343585,1,2,1
-6.085374895885744,-3.8308252326301204,0.38953788993792754,-0.5004037110575872,0,0,1
0.04195056574159169,-4.480047708615921,3.1152290518149437,2.3328127091638864,2,0,2
3.2967535219473674,-2.6997637199965494,2.6390567286813864,2.6547662190650763,2,0,0
-0.5129591888374465,-1.562576898222336,1.6444960474820025,2.6279686488452243,2,1,2
0.8325634695781731,-4.825604534737003,0.6356952480986937,3.3037609846991667,1,1,0
1.9903913967296796,-3.965613351488834,2.584423960037627,2.795831301219785,0,1,0
-6.650988329580004,-3.4787421223398214,0.822512238890751,-1.475443168976955,1,2,1
0.1864226442751611,-0.6562243204465723,2.184755626219893,2.5931836630923546,2,0,2
0.542434542677599,-4.013082940306349,2.262804879090026,2.522429445288385,0,2,0
-0.22905864152675656,-3.2532703438664057,2.1315912286172827,3.6062585750415086,2,1,2
-0.3386889306401852,-2.154149463796063,4.872580170786168,2.062978864191403,2,0,2
-5.823681990376536,-2.877757600841445,-1.8306661615411468,-0.6030011972291667,1,2,1
0.2775359561610583,-2.578820707916955,3.0142800697563086,3.269793513109845,0,1,0
0.8002037816084189,-3.9601087956840146,1.4268723717281322,3.4722869369983425,1,0,0
-1.7102913539325544,-2.2503325058725743,1.7507300998463258,1.1735365205198798,2,0,2
-5.5637464090043975,-4.262236836157989,0.7193624664348797,-3.8793221528835224,0,2,1
0.25343395312469646,-2.6506718021389477,2.107372096458838,4.547528422078756,2,1,2
-4.659486994105132,-6.077153930382366,-1.6305813853634337,-0.1528891218109727,1,2,1
1.4295616421641049,-3.697491206077137,3.525800804360611,2.1941066127367215,0,0,0
-0.6049758781533134,-1.4878272437911244,3.2411308683437077,2.203349744788355,2,2,2
1.4353184949954065,-3.3857911106368657,2.1338114200912415,3.6512131911977144,0,1,0
-6.070790259396166,-4.290339446294699,0.6717402725921803,-1.20110190201523,1,0,1
-0.2578559533315219,-3.6382321610877613,3.7625820206960934,3.4592279600713374,1,1,0
-7.003970075147076,-3.994415263002575,1.3238106743854452,-0.08275913861359341,2,2,1
1.5493021860776983,-3.34217501582026,0.7805472929167139,1.8061150679660998,0,0,0
0.7891422089437163,-1.6384967710625133,1.5077653586068076,1.9994441318833212,0,1,0
0.9206028634463217,-4.139471100566275,3.084855439867389,3.4748565743900626,0,0,2
-5.912388211987441,-4.635825456960616,-0.030951856334002437,-0.31481739929700425,1,2,1
0.5713650883989148,-4.596810135567218,3.318576003991355,2.4902059770763865,0,1,0
0.45404117514960196,-3.2581536358246663,2.6808249490262326,2.2466711054447215,1,0,2
-5.8385776840239405,-3.216434095822942,0.8566084075293312,-1.332973689911317,2,1,1
-6.452855015080374,-2.286468211450903,0.7472193598448189,-1.1667569051351687,1,2,1
0.2103509116283008,-2.592735222676882,2.1466530984313197,2.418037087019609,0,1,2
0.5604414438979879,-2.993332215979626,3.428587401554658,3.312961147442818,2,0,2
0.6794253165026632,-0.7502172406379692,4.063522868058791,0.7072913176603286,2,0,2
-5.25045311965501,-4.089038363237216,0.9590677195017508,-2.358547205978557,0,2,1
2.7347973969100954,-2.389177627582842,0.6793133317661311,2.7547409762754405,2,0,0
0.4787437663193317,-3.5990554896334666,3.042155308598361,4.320068589470374,0,1,0
1.5824772573712909,-3.808324600952246,3.14916899582992,4.450631096797633,0,1,0
1.3429076777249076,-1.5841963267254946,2.434588024641278,1.597225117453141,0,0,0
0.19853043788379152,-1.7128277204130105,2.9572887586120595,3.5924906556215808,2,0,2
-6.104208153998422,-6.387247030571496,-0.6128974165005335,0.28417415707194993,1,2,1
1.6742843246391477,-2.890740944606418,2.781418293020838,2.117020886303759,0,2,0
-1.9435746337509714,-2.341858624492116,4.213276752197216,2.822044330754152,2,0,2
1.593064802335189,-3.0523732492325952,2.540472986109356,3.4529823750121817,0,2,0
2.2503373392754646,-1.8720023336620548,1.998836253116407,3.1851484870127145,0,2,0
1.4628900581274205,-3.3076233096499386,2.529497313873999,2.9798132340787507,0,2,0
1.2549426472654,-4.90356344843567,2.3349746648299288,2.2655021903245163,0,1,0
-8.63109984669008,-4.254061932780473,-0.796479568965403,-0.14415747544591007,2,2,1
-5.4482504783258,-5.511809767719522,0.3592238257310406,-0.584193287997484,0,2,1
-4.273920062979877,-3.411981865264101,1.3571847208459462,0.29323221978306446,2,2,1
2.5221139644568638,-3.3091335189692517,2.1307933481880603,2.027256757826891,2,0,2
-1.5215187068977567,-2.056083114343875,0.22408607355744836,2.981769817525558,2,0,2
1.6285477218939528,-1.1226557879734926,1.0747388679900698,1.9842307450884487,0,0,0
-3.849596155560167,-3.0823389007910915,0.5532277546446682,-1.3877816871356843,1,2,1
0.18125697172365107,-1.593961289992074,2.726061561669213,2.7253867436526016,0,0,2
-0.43007994336103944,-4.361987979138623,1.886033056520965,1.4242729176834892,2,0,2
0.03599887233454324,-3.454075759422299,3.1672561297753847,1.4953014314340773,1,1,0
-4.864552323496194,-3.8662820185864915,-0.902872125581841,-2.3089861433200736,0,0,1
1.2105692400719534,-1.0848790159904191,2.164259416366862,2.5146109308390647,0,1,0
1.1522973340232796,-2.9857367657798397,3.8031383697766135,3.2611182058380503,2,0,2
0.92559667835476,-2.8711650089204035,2.29556596552357,2.6187801643780935,0,1,0
2.8651637993895935,-1.0429717896677335,2.3207347225521504,2.981884742490717,0,1,0
2.135460293904759,-2.281842251509893,3.123275691652615,1.2558144774195197,2,0,2
-5.1233898921778005,-5.493636821385196,0.4086499207178894,-1.1686635722970822,1,0,1
0.012294830723847856,-2.4515976026671056,2.853292060407522,3.105915613869606,1,0,2
-0.9336031036679909,-1.7702238993375006,1.5375326603541255,2.0949394553065424,2,0,2
-5.629983547555343,-3.2897243208971743,-0.6161910191675253,-1.9903154096520184,1,2,1
0.0691059112941429,-4.203651146079547,2.5959584921697294,3.200974183538804,2,1,0
-6.353466643358409,-3.4213774080412165,-0.14439642782245743,-0.9501204284740955,0,1,1
-1.4187377700639838,-2.7486872942600185,1.8184399958176416,2.444726235684956,2,0,2
-6.353850309718425,-5.561633863772138,-0.6615225000844462,-1.9697729377090685,1,2,1
-6.229317669744973,-4.413643801015196,-0.026818763843253268,-1.2026904550785278,1,2,1
1.0726911579286726,-2.6041269903637465,0.677348326118953,3.0393455529856612,0,0,2
-1.3457446569789016,-0.8530400245931007,3.7576946053914018,2.6302916770229574,2,2,2
0.554589903166007,-1.3119203615782897,5.450843172827209,0.6241497023766895,2,0,2
-0.9163433563451523,-4.206628081768178,2.928927102455308,1.978788259035487,1,1,2
0.34320757774149946,-2.306188628755276,3.3198251434084103,3.0545721693108097,0,1,0
1.2101452289503936,-3.4918669000427762,0.4946318049407892,3.149689632887751,0,1,0
0.21522081068454768,-4.133669685161886,2.2841356802956327,1.6051339997925136,0,1,0
1.4968064812510011,-1.3876407133115425,3.428765476397065,3.2607808281032176,1,0,0
0.2430109618667129,-2.8079428471702426,3.406665623526068,3.4304556213980812,2,1,0
-0.7778114099064692,-3.1375151451989325,1.348930492626859,2.479353210509759,0,1,0
0.8573680448706025,-3.290359899885691,1.4718711906939521,3.2519955081311944,0,1,0
-6.419400481542516,-4.531141928802134,1.708667938376695,-0.6184378314141548,2,0,1
-0.772316911970808,-3.946181785085439,2.499019488528315,2.6424675237238864,0,2,0
-6.885502585516356,-1.5966940984968763,0.7103646798898791,-1.6810131584328223,1,1,1
-0.08765272506499333,-2.3615755001932364,1.453009344056168,0.14693382753627748,2,2,2
-6.23279209110407,-3.529590734891582,-0.7434667006990077,0.3799032898186895,1,2,1
1.9780027719976525,-4.26189054486389,2.25769264978164,5.419367875769474,0,1,0
-6.475313011256227,-1.846240350062876,0.1580897602737568,-2.2257442220009747,1,1,1
-6.019263407911241,-2.024363640382905,0.2138014130814778,-0.5349354598405327,1,2,1
1.770945221829821,-2.278132251831425,2.805470088743465,5.149347249519726,1,1,0
0.576826077194788,-3.261955533129008,2.866610354387933,1.0910225436664232,0,2,0
0.022871842072830016,-2.5216085503811416,2.547322994962523,2.3025432922026607,2,0,2
0.31895458718703806,-3.052353628226651,4.573575108117595,2.3467516190027076,2,0,2
0.20027641522681006,-4.4367825297797285,3.087161483733709,3.171044771734071,2,1,0
2.7354500900764025,-4.771711466900754,0.9702843805735397,2.398087542712803,2,0,0
2.6580857654310863,-2.6809591599831877,3.079341764216431,2.525123195638933,0,2,0
0.11391718686904959,-3.199621854576166,2.367300297517548,2.0972457145088597,2,0,2
-4.416803809398218,-3.377125113461232,1.7469499215875548,-2.8295262050048042,2,1,1
2.0201446091705924,-4.082043435063114,2.599062039870329,2.4146159128233164,2,2,0
1.2276650867134893,-2.2818257508271054,4.248084479111158,5.735556615180971,0,1,0
1.9605226398876479,-2.010148908643829,3.36429228603482,1.4023023183447418,0,0,2
0.32465867937947374,-1.4812884269755582,1.418318179746964,1.5026059246815093,1,0,2
-4.719425087204807,-4.267808945590399,0.7355556813047803,-1.9373549264653527,2,2,1
-0.8971475653968864,-3.6347040688637557,2.86249123177008,2.934335090986742,2,0,2
1.4625791600930935,-2.931978731235382,0.8032263280043241,2.7537138931892367,0,1,0
-6.754002561266084,-3.3825875663942835,1.112235443576202,-1.5253750692644394,2,2,1
-0.6871266978555597,-3.9140886087469102,2.6909901934363654,3.3458819919864125,0,1,0
-1.601422884860921,-2.1061130264085683,2.1882235427238363,1.2576398476416126,2,0,2
2.7170324195193936,-1.7246062353516822,3.6876925304518045,3.1773126978402004,0,0,2
-0.3497413802645884,-1.8870174676243032,3.1133219919364943,1.641442110112235,1,0,2
-0.10934625335857096,-2.9406766837651706,2.471350271391137,4.180881724414078,1,0,0
-5.58046030252938,-4.468021547369838,1.0813380485018609,-0.8381146544520689,1,2,1
-5.800932247303976,-4.1803890261331915,0.04668924186126322,-0.3290258115482677,1,1,1
2.530360920914501,-5.183190595526229,1.6602501622282662,3.412600471966996,0,0,0
-6.1710121145899715,-4.773543776910381,0.5027470706292482,-1.5201769962274838,2,2,1
1.45226667626722,-1.782554211278743,2.096847908169471,2.1257515375029383,0,1,0
-0.23071049536240046,-2.5450596998472355,2.4230447588173565,1.5199853939401686,2,0,2
-4.93717526368191,-4.015683672148289,0.13063976318402482,-0.38645490511625336,1,0,1
-6.721298996602289,-5.542001769044813,0.6204698210478059,-1.0321765602573403,0,2,1
-0.6665962125035609,-3.7534972634451993,1.5737211784623133,0.5049804948453427,2,0,2
-1.10229074541128,-2.703416161240995,1.4214755062020785,3.175502765424478,2,0,2
-6.293093270491218,-6.862157344932024,-0.8637962601923128,0.17211287437242018,1,2,1
-2.0582965233175368,-2.2923956147440987,1.5746341951537681,2.5330108241983598,2,0,2
0.060907888704473945,-3.4073356802706627,0.7879115855823686,2.230987135210155,0,1,0
1.140986167778548,-3.25534383430064,2.8621613529619334,2.3353751627019324,2,0,2
0.16918145466707776,-2.81783768440647,4.116472860304545,1.4326836225741686,2,0,2
-6.334346689826921,-2.468761580670492,-0.778558303232431,-3.0653822260012777,0,2,1
-6.581716051221036,-3.135005260825035,1.1926425204920998,-1.0945382351195625,1,2,1
1.6919186283482195,-2.312944036777016,0.6314815930276019,0.5744255938327858,0,1,0
0.7089895503972499,-5.1234746107880005,3.8556079489365125,2.3639947182168157,0,0,0
-0.0357233326231551,-3.349118136588343,2.7681237787545596,2.263577020524707,2,0,2
-6.808730733362907,-3.4690262719670844,-0.8582343193765365,-1.1527963614695955,0,0,1
-6.5603700959129725,-2.9375406503110963,0.0216886724175146,-1.4384779599319557,0,1,1
-6.838100493685951,-4.362066365590385,-1.0029210437683371,-2.3586974801146225,1,2,1
-0.17932013119868895,-2.722961014222647,2.311739515843789,1.519042032339177,0,0,0
1.1904254185918477,-4.532718202613853,-0.05874984921327231,2.8760477345640236,0,1,0
-1.3607002222783056,-4.596860290455458,2.670889149841756,1.2150699890803012,2,0,2
-5.997133226016185,-3.616498124103419,2.7093010013835412,0.5677123235586571,1,2,1
-2.4276939642428474,-3.3439110298767316,2.776399053941766,2.138395920167058,0,1,2
0.8179723023399618,-1.991933461372184,-0.029384257952551174,1.325055459270315,0,1,0
-7.961058907738952,-4.270976772851416,-1.7966888549876179,-0.9126678502329512,0,0,1
-0.0901097548598443,-2.116677177751029,2.3337671617318185,1.9237268779188432,2,2,2
-4.976561961879989,-3.6364430863896677,0.7954927916286099,0.9107670305925649,0,1,1
1.0062778976974032,-3.957350542548949,1.6569532352206364,1.341157636608625,1,1,0
-5.389735759928822,-5.437253777843661,0.6130029249654624,-0.213144684602373,2,0,1
-0.14536878310553814,-2.8913003125597454,5.342179031867872,2.727613455728876,2,0,2
0.22340037281065314,-2.566248637849256,2.808370867780418,1.8712487311143995,2,0,2
0.6052145886585163,-3.6437424051569782,4.050706994549492,3.35747464612787,2,0,2
-5.902664403513092,-4.022037399885889,-0.45253590534393107,-0.28664624244899395,1,2,1
0.6219800534597391,-3.2234405867874476,1.9993762092124863,2.97425666127611,2,0,0
-7.175646699253188,-4.392732651286001,0.8037479189764418,-1.051124483641843,1,2,1
-1.8967404836333468,-3.0146130315755575,3.0545620727274407,1.2429285537363675,2,2,2
-4.928747808774075,-3.8719266464016986,0.10072546035428603,-1.054909707653323,1,2,1
-4.638915737033008,-6.579372953689893,0.7794550839326797,0.6127104247728267,1,2,1
-4.670574824208852,-4.230523296083384,0.17945169445342138,-1.440383391996231,1,2,1
0.6208245391008322,-3.333783638982803,2.061197553210952,2.647194826393967,2,0,2
-0.769885018491414,-3.253395544968809,1.695514010057145,3.269945162143633,2,0,2
-0.5023544523663749,-3.2250094938411764,3.0722037480385924,2.5852302215818503,2,0,2
0.7587912593403063,-2.463692744233004,0.2018182613411632,1.3499598276278144,2,0,2
0.6390089880366103,-1.6250110074870907,1.3855224717261285,3.789972503765122,1,1,0
-0.8485568302677002,-2.3477453076724726,3.0286488566423677,2.8297188406275766,1,2,2
-6.613614414032874,-4.4672926846747,0.36127341465264534,-2.5116121223705963,1,2,1
1.625377819056149,-2.3266050835215615,1.9026285151709341,2.359342356509074,1,1,0
-6.5282195181049705,-3.5025844998513427,0.9489816286709492,0.8874980626992733,1,1,1
0.40815566369930245,-2.1961225350062232,3.3356822365094856,4.610806254842943,0,1,2
-2.0281525348799945,-2.820693683787142,2.694690616581718,1.0472457695780542,2,1,2
0.48689859292675974,-2.9614126276447723,2.8769439813867086,2.512347609453403,0,1,0
-6.650016555258199,-3.604567778067683,-0.3418703125061193,-1.5772125071675362,0,2,1
-6.245145361832241,-3.766614208547841,-0.43305389795371885,-2.0955598591981874,1,0,1
0.33807072833867463,-4.318947490416206,3.3899903904239417,2.4619973987781107,2,1,2
0.7345398254318355,-2.923176222064529,3.0718820628367904,2.427952976949069,0,1,0
-6.6154290239891615,-4.765744539162524,-0.15414136740116635,-0.4061333137387866,1,1,1
1.0136287122790324,-3.206052970542535,3.0421597091094523,3.166339375409694,1,1,0
-1.397206021292432,-2.3484649049961197,1.5167628785712306,3.7957310697602056,2,0,2
3.043398351291592,-4.407374899995517,1.154568008964732,4.658607677494955,2,2,0
0.44237520562495825,-2.660566547004875,2.9533072136406417,2.9599355812323234,2,1,0
1.9098526251632175,-2.0607285798251658,3.2771904303046107,2.8606073560751013,0,2,0
-6.8351249857918095,-5.348837656146365,0.3251099656431736,-0.8647467737162924,2,2,1
0.9673065868411613,-3.1198679256300723,1.5297955538765242,3.1381884108469493,0,2,0
-0.760531705441063,-3.6062602277948175,2.1975710366010515,4.589624062753524,0,1,0
-6.980886330853223,-4.2863450323768495,-0.36937070772676484,-1.8430738231082753,1,1,1
-5.075496035682973,-4.71602483947972,1.261579788410056,-2.3217307939162857,1,0,1
-0.5432632414084257,-4.369345103807556,2.0354745615582632,1.2404805651880957,2,1,2
-0.46803027611374604,-2.7271248504615677,1.2108096482618373,3.2963912376368434,0,2,0
1.9633248607046434,-4.095911134836392,1.3407787034979233,3.380243108447865,2,2,0
-4.576124733763466,-4.907829953343498,2.0671074190398784,-1.4797042815864614,2,2,1
-0.05096552296907786,-3.84517838325724,4.379823319854536,2.0003074699492553,0,1,0
-4.489255241028819,-4.143197345238854,-1.3972168980616144,-1.7519678689824518,1,2,1
-0.5406256225516417,-3.449152532484343,-0.12448158108525753,1.8986763325637108,2,2,2
0.9720037528476058,-1.7820588237298418,2.542908137574551,1.8653994929625526,2,2,2
-1.078909131790862,-4.416424646796248,0.769168189976551,0.4880780293253366,0,1,0
-0.5421508922430012,-1.6662759663977846,1.86368386307509,1.714429253695482,2,0,2
2.2780134690772034,-2.2247673367498004,1.5318733541345813,1.3191906931327444,2,1,0
0.6297874012231989,-2.9346266693061045,2.8705247043947653,2.482435665289626,0,1,0
1.1164574310944877,-2.2755671282361662,2.262779642980031,4.150654739610631,0,1,0
-0.039125775894206245,-2.6572053512532476,1.9889310049783493,0.8478138030557736,2,0,2
-5.1984460375137225,-3.1610396140619716,0.112593079344048,-1.8777169441613262,1,0,1
2.070739930120801,-2.3247006662386425,0.7757091719636906,1.3310000605206276,0,0,2
-1.3838777912470674,-4.030944134044926,3.203347303398255,-0.2685125087648439,1,2,2
-5.82652022463541,-3.336001484448469,1.0017119241671568,0.6031523430917419,1,2,1
-0.5161716373709442,-0.18452523269430854,0.9004793294513536,2.537008984996646,2,2,2
-5.463413860641507,-3.8039853368606873,0.23607871958368867,0.6395483301185158,1,2,1
-7.040175992335879,-4.26979916815576,0.12891303973582596,-2.456053424803794,1,0,1
1.0304527324380048,-2.85347950624799,2.182037728473128,2.7710314798211515,2,1,2
-5.609353085559861,-4.05778616733333,0.8161156612280083,-0.8868112933507875,1,2,1
-4.05873551136115,-2.5917306490810494,0.2737870278716724,-0.5960076140044035,1,1,1
1.176187051337675,-4.01964710520924,2.441196980256815,1.3668716639158522,2,0,0
-0.9681570099303806,0.2504371873756521,2.1868094736240904,2.405393448203897,0,0,2
-4.627071656050829,-6.773593474369697,0.06608265466417407,-1.113378804574698,0,1,1
-0.08369821202980396,-3.721066189100828,1.9609197405792078,1.5317569655183945,2,0,2
-5.851765719207022,-2.43358494839738,-2.0673509190382306,-2.3664119471903162,1,1,1
-0.926513396740824,-2.7855863672648784,3.3854659757319405,2.3907858777250026,2,0,2
-7.421035982392008,-2.6456011970239697,1.7514286602228268,-1.8008865829963403,1,1,1
0.6926151235324934,-2.472467628012012,2.237706795624075,3.523357797263208,0,0,0
2.6428488836688864,-4.106809397149724,2.006075741477262,3.5990317252353856,0,2,0
0.09553482163190774,-2.576169672058203,2.9212625125984752,3.4178909672168114,2,2,2
-0.5202399810115933,-2.123673446763322,1.8577604699440342,2.8431965140629627,1,2,2
2.493242495673729,-2.9599607051480485,2.1327152613094893,3.1075202887761844,1,0,0
0.459167758922514,-4.3455580824887345,0.9734160130997525,2.994282066895761,1,2,0
-0.12643481324913908,-5.532732649650977,3.862290582431266,5.371022101780644,0,2,0
-6.026943266056126,-4.6361157147226,0.7614922074965546,-0.4961893580511547,0,2,1
-5.863744242579702,-5.282926019664902,0.06732350492066813,-0.5833640349669791,1,2,1
-6.064839368505903,-3.407819079517231,-1.723671137827832,-0.991861366671654,1,2,1
0.4858934966680273,-2.9447617642439012,2.4017475046239722,0.7661987157013981,2,0,2
1.730927106464085,-2.494867117473333,3.503078595984567,2.3003712305363564,0,2,0
-1.1677310745641412,-2.1445154976940373,3.216855558403652,2.421338702617847,2,0,2
-6.546611730533789,-3.07550666291898,-0.9586539568690509,-1.3556715258033056,1,2,1
-1.8156237878157155,-1.5853127110034309,2.6464758345464126,2.129593945162297,2,0,2
1.3942946426549048,-4.864538305695679,3.1787920689775526,3.2761144873880044,0,1,0
1.5574780339523384,-3.514557441581076,2.2462317206993005,2.658251250649129,0,1,0
-6.950443240508553,-3.2058153637273685,-0.9722927616246979,-1.7433272321558015,1,2,1
-4.549540498153421,-3.0663183578927566,1.8709194991877187,-1.2204021607180389,1,2,1
0.8168646408498046,-1.0267840097908918,3.824708489894614,3.2075407017301423,0,1,0
-7.60520413868848,-3.8123554623546423,1.6322789819123626,-2.035295636621337,2,2,1
-5.7032631519742285,-3.495366602570991,0.5018691228900606,-0.5040009588355137,1,1,1
-5.532255919636902,-3.6679377296585107,1.9612894144337423,-2.0163215460756327,1,2,1
1.3285606725392904,-4.109490438753351,0.11930730668806255,3.0894056115174773,0,1,0
-0.5899386544340064,-2.735990976293536,2.7289939481985335,2.938167388837413,2,1,2
-3.5714726886854473,-3.6090274494013994,1.2702802639065947,-1.4378052451496703,1,2,1
-0.6674431601906483,-1.6440032706679777,2.6197102001200303,3.6682781350170455,0,1,0
0.42720725724390407,-1.7697652270510347,3.2466456610181647,2.11910086373238,2,0,2
-5.3755762286947135,-5.068967300726885,-0.3285808323770827,0.42181321158338536,1,2,1
0.04510399139851162,-2.9425562040845463,3.4638724242509724,2.497902444887041,2,1,0
1.7721271205204479,-3.3112566436031017,0.9756672640814499,1.6884069351701607,0,1,0
-5.058173313045882,-3.726174577560556,-0.2725337271391113,0.27756517861820307,0,2,1
0.5359886852239043,-1.8207240209354212,1.8950896163579458,3.559209717640728,0,0,0
0.10121014395296801,-3.535309578901172,1.6392567883595637,2.680903262757256,1,1,0
0.98018193682451,-1.9927111117534537,2.7188629296714173,1.962401686290403,0,1,0
1.146827450617998,-3.0981001731980435,3.853132478740287,2.582338521700617,0,1,0
-6.109759682361262,-3.15641670845001,2.317314694690043,1.0117568237522803,1,2,1
-5.783185984966684,-4.982783720905722,-0.36823463831164416,-0.5516944770152554,1,2,1
1.1085461098640335,0.298306640419125,3.004645071160036,2.916483941944588,2,0,2
0.3545789532138045,-2.65487210922118,0.6903952344249289,2.524370786476006,0,2,0
1.1495996075732244,-1.5088361702218658,1.0289792748794686,3.0707302714805835,0,1,0
0.857659371005119,-3.76182836862177,2.35182778872331,1.7473241663112864,2,0,2
-2.4225990005763807,-3.09484665549014,1.7371598953335337,3.9090533984575053,1,0,2
2.3179726313298508,-3.5624880306136704,3.706399163690083,2.9531799659790936,0,1,0
-0.33008030364575935,-3.071193202039867,4.039075784901453,1.2860886599030346,2,0,2
-5.972471765238386,-5.527452038895106,-1.9608220989170178,-0.00596197580547142,1,2,1
-6.082398219513817,-5.499332780308482,-0.5293567772169712,-0.7219417309216112,2,2,1
-6.43797970089451,-3.953125790926294,0.6623854941490949,-1.9566207266542914,1,2,1
-5.641495833166458,-3.020144561019002,0.8742879184956749,0.25157848122857496,1,1,1
-5.74270984034929,-4.314871683413624,-1.0145884502969946,-2.492352979552828,1,2,1
0.026017385529641612,-3.4779690067959157,3.0549386067979736,4.542463980339625,0,1,0
-6.264854983646158,-4.2701218108937535,-0.765682787686438,-2.8568581902560135,1,0,1
-0.07848654761689837,-3.2194318987427293,3.220044363895564,2.809978773610825,2,0,2
1.6279713757456935,-2.8783077970447355,1.6373767860264747,4.272872998194705,0,2,0
0.7292888757180335,-3.800881863125428,3.473894926093402,2.667164667104839,0,2,0
0.3753799216455508,-1.9721396579879231,-0.14290671748109984,2.0351283740694726,0,2,0
1.6595404814992047,-0.29148757882148546,1.6074768926561458,2.403794933614134,2,1,2
1.3183811593906964,-2.5031924325883392,3.1343146326772713,2.699708739936889,2,0,2
0.4802904655118664,-2.755136080565756,2.2960410338564383,0.926461640684983,0,0,2
-6.529122871642878,-4.768856480062498,0.8623967480223177,-2.484369846956866,1,2,1
-0.5430045805923724,-3.439623535078788,1.7809809331265762,2.182816300930299,2,1,0
1.1723800625859893,-1.5552342970515822,1.8895831099752005,1.8805720532486832,0,1,0
0.9745182206125329,-2.7230852827477365,2.057233736057002,0.05763940256509281,1,0,2
-0.350056536568232,-3.775735498010145,2.9732362921258986,2.38507412771546,2,1,2
0.9447827318577114,-3.604121752055065,1.923680493057411,3.8244519744782455,0,1,0
0.7613322374836354,-3.528932177835814,2.461827974099155,1.641606063284532,2,0,2
-0.5095831961357662,-2.6736301711784227,1.444754683111999,1.5390594989131197,2,1,0
-0.4349535825307831,-1.8977535928290319,1.996651203805639,2.56465782903021,2,1,2
0.35686042122260214,-2.172073053324996,1.484519008188725,2.49182385678658,2,1,2
-5.402788287917696,-3.9034299704013176,-0.3662921287826614,-1.1845571392055994,0,0,1
-0.5802543805560125,-2.4207555870265987,4.304038569365263,2.9936544816107014,0,0,0
2.220152980970119,-2.9005698173576304,1.8404263565856347,3.92798285923353,0,1,0
-5.24014018548691,-4.047526418031373,1.9153001001029089,0.058782993955812324,1,2,1
0.23588679910811727,-2.370518418993746,1.966469521036797,3.0194842311154937,0,1,0
-0.4390366535796845,-1.081738117746071,3.1447770787787395,1.0215726405096337,2,0,2
-5.086282694177266,-3.7853605712874923,0.5142853974134005,-0.12497464515456458,1,2,1
-5.199860682680282,-4.183238610672667,-0.21256769015431054,-0.940222150307593,1,2,1
-5.627545726451328,-2.9588889107386547,-0.7275836914157021,-2.1206993699315415,0,2,1
-6.946429423848891,-3.6176218534182474,1.6284685881483016,-1.380067215270257,1,2,1
1.3268838508592824,-2.689131315713604,4.393001188289833,2.415279132789026,0,1,0
0.46558703123493966,-2.667618368078348,0.6855945152388574,3.4591650518247627,2,1,0
-1.144140534229537,-1.5322260364001203,0.7166893940398473,3.462366907248862,0,0,2
0.4858234171001868,-3.472085869209716,2.7836627729727206,3.1871382135377195,0,1,0
-0.006699158545833583,-2.264932994424208,2.890979996917274,3.264239773377694,0,1,0
0.16062365890591612,-4.152214989299323,1.0068817998182964,1.932896835942723,1,2,0
-7.6637242459419035,-6.156322298538562,-0.8118377647962467,0.3762279023508842,1,0,1
1.0308370484040221,-2.9012637219924735,3.1227823653675615,3.0452896979483235,0,1,0
1.240625582671269,-2.297711369990772,3.4646012344817434,2.6126173602204075,2,0,2
1.14855213196199,-2.8496090794397606,1.38800832267999,2.6741654689332885,0,1,0
-6.807897383092331,-2.9326443923695535,1.082087554873361,-0.8468018896580892,1,2,1
1.2297562428536346,-1.914098697833253,1.5222697496757633,2.167547709105845,1,1,0
0.39143254309361364,-5.684696660542054,3.0361976240275066,3.0940639044478813,2,1,0
-6.538958242138152,-2.524830927209157,0.21858343410563746,0.3397164722875058,1,2,1
-5.293565195345343,-3.3403507620121213,-0.16603141162822677,-2.0714962093017415,2,1,1
-0.6664524980689917,-1.533783748462985,2.320907199336045,0.867189823817303,0,2,2
0.6902924223827944,-2.877455527450265,2.4279269458730828,1.7373060769402748,1,1,0
1.752640442999639,-4.022879496808513,3.182926600293616,3.2066451152795046,0,0,0
0.8158217283456622,-1.8267039729579018,0.9190327907124389,1.929783687767511,2,0,2
-5.8975417336658635,-2.6159747582657804,0.7945037864027313,-0.1661689513155874,0,2,1
-0.20323287372631382,-3.5786276036608196,1.95816200077061,4.758925311603158,0,1,0
-5.8887163021516,-5.2712801727885195,0.12768913816103272,-1.6909198710281834,1,2,1
-5.1288228885052805,-3.8435361522522546,-1.5084250438100544,-2.9073192174277778,1,0,1
-1.3373109130492409,-0.9763023359474063,1.714714144655182,1.289431734818203,2,0,2
-7.428724893132124,-4.56795541289377,-0.773943422731566,-1.9140789718395101,0,2,1
-0.8566852931975505,-3.919375220312914,3.0289189506773817,2.8786990682539053,1,0,2
-1.0495483638438787,-2.5223262836237854,2.8112010642407115,0.47706423917238805,1,2,2
2.8638411759025533,-4.336118422046815,2.9622064487784656,1.5731857176679394,2,0,2
1.178972245137238,-3.365125391552538,1.244521440222314,3.275969427186637,0,0,2
-5.297523477311384,-4.5287062208412125,1.3709263545482568,0.2087799809903873,1,2,1
-6.024670076177857,-5.4659217558925635,1.3508204453446284,0.5680648801085014,0,2,1
0.8629541274466971,-3.199681882578295,4.048914754064012,3.715907477687051,2,1,0
2.0287436838406707,-2.7365752055390162,2.1202160572160267,3.1704700432199364,0,1,0
-7.173594550118546,-3.0518527904513926,-0.41669048709999423,-0.3158698624234402,1,2,1
-0.4808618059748245,-1.762587752200743,2.402359680774304,2.026678518460908,0,0,2
-8.354805410121163,-5.61053138319733,-0.4495155132941555,-1.5064566645259614,1,1,1
2.2014823508683596,-2.019972668379403,2.1191249308881996,1.577488270312772,0,1,0
-5.524737593129971,-3.7277975573006272,-0.23277187869025184,-0.9714130523563933,1,2,1
-6.165461007617379,-2.548417424719694,0.8916003147009214,-0.7534647455509739,2,2,1
-5.722047739915364,-3.5410640479441198,3.5623748888693916,-0.09744220218595756,1,1,1
-6.433756968707094,-3.2118679089585456,0.639428059606079,-0.2969796356277067,1,2,1
-0.28168840632574565,-2.632979837935905,1.7819512472166479,2.834188267901329,1,2,0
-4.534092368220113,-1.0973276593574512,-0.2030638755690446,0.48657237961469335,1,2,1
-6.247678417830903,-6.035736409786972,0.6411616304230167,-0.10324466854889269,1,2,1
0.58087125760871,-1.6507384854534357,2.765060900884328,-0.7304040600255508,2,2,2
-5.403127224614961,-3.3432254470705294,0.4981056465257343,-0.6187842383734821,0,2,1
-0.421181641974928,-2.323561912080846,3.510128291107937,1.7715692627612554,2,0,2
0.05428655737525962,-0.8625450997498894,1.2978377165672816,3.1032326993421995,2,0,2
-0.40854837309110836,-4.117199146322968,2.6511278141428085,1.9162150938135807,1,2,0
-1.5510728752947052,-3.5845419104986442,2.100382578231346,3.561796618566996,2,1,2
-0.9300458998803729,-1.885337389052982,3.498723632549931,3.892192054085931,2,2,2
1.6965015816809554,-3.3106033762266462,3.422600680886691,3.5725631379049014,1,1,0
0.05185318713454939,-3.68208883182787,3.405061217917546,1.1086710286363046,2,0,2
-3.7571068157360696,-5.363676433506511,-0.0071563930973396195,0.7571249035138176,0,2,1
0.5269991050063836,-2.512574309392879,3.400048698630949,3.5088823827956244,2,0,2
-6.51773156602464,-3.545946842930113,-1.0071642204734002,0.4899777053284845,1,2,1
-1.1783564960185353,-3.0525331231034185,2.7796133979290296,0.008004431412558244,0,0,2
-7.121119482805506,-6.65621454021753,0.14939567221894354,-1.1371119042951299,1,2,1
-5.530308101868261,-5.0566240147393176,1.0954982324929075,-2.1302068449595666,1,2,1
-1.4295527238614543,-3.5534668912158596,3.2986364911369224,2.8312987405562238,2,0,2
1.022031683606327,-1.8104016338609596,0.6490940463604464,1.570046935067502,1,1,0
-2.050377598578357,-3.6634478266541213,4.671768599666774,3.2565784206372888,1,1,0
-1.1500618183572078,-2.3248334223438425,2.7891154513949816,2.912657777607778,2,0,2
-0.7714460781215142,-2.5819178787932353,1.2170455357449728,3.0569702607619047,0,1,0
-3.8555913881567463,-3.7741920141842815,0.45143437867119157,-0.40059939738855055,1,2,1
0.5950446422523962,-2.902721123910962,2.049270342029968,2.2438000410959855,1,1,0
-1.377138269334806,-2.815585589691227,2.32338716065195,3.2355844345463343,0,1,0
-0.3594258377091159,-2.7320028651641763,3.602744606827819,2.3010386875916296,2,2,2
-0.165181421514789,-0.9662196935979321,2.283496621628808,-0.10587383228577041,2,0,2
0.14201764525531493,-1.427079494306562,0.2938960307998082,3.923828104202868,0,2,2
-6.277568275743406,-2.8276594815572156,1.5820410460185497,-1.1191162003868578,2,2,1
1.5195950124860804,-3.557155376014618,2.285928889638716,2.8137101021682245,2,0,2
0.12022160602692641,-3.1195812515238157,2.66924112507704,2.0813129908834886,2,0,2
-6.395663386073334,-3.4443260315763298,-1.487696906559131,0.9135897843641335,1,2,1
1.2517257880622275,-1.7124704574077698,2.3419384943211172,3.4656329424504992,1,2,0
0.45531074611399336,-3.544726046514578,2.565430811289171,2.57593264916074,0,0,0
3.819218408503701,-4.2915189475468285,1.8831046306313413,3.163249700114151,0,1,0
-4.236231167462901,-3.7755114043935345,-0.6188227711889451,-1.0584552287250368,0,1,1
-1.790906461540682,-2.5417971535694326,2.5163887005351517,1.8649501083873872,2,0,2
-5.976914860291169,-3.1645096176074636,-1.4944675564640517,-2.0234937908484607,1,2,1
-6.006790670323527,-2.452488339129496,-0.07294993472286632,0.1835067951485011,0,2,1
-5.624335537032571,-2.9390722476619437,0.6764550329991477,-2.5376253412094716,1,0,1
-0.21905522591331902,-1.5153883850002456,3.0315707948425827,0.9364137485357136,2,2,2
-6.037281312476731,-4.176693649924051,2.1548624517695396,-1.0471737793386262,2,0,1
-6.1557253254319555,-4.389328679311599,1.2540768189215825,0.5305467336434834,0,2,1
1.137230981888569,-1.6867378121153138,2.34287376559258,3.402471244503438,0,1,0
0.590587246882107,-2.6723001924496375,1.6255100732003238,2.4599725165645387,2,0,2
-0.07842125740861032,-2.3659502029075417,4.844719231728888,1.8096030277456097,2,1,2
-0.7847912299041674,-2.074037914223627,2.8765822994259107,2.2447618610336777,2,0,2
-1.2266037891562993,-3.336737710469007,2.008111414332816,1.2762209321485707,2,0,2
0.637357659087006,-1.3462480909975842,3.747363736080617,0.7413628040453897,2,0,2
-1.5425093079858583,-2.505673870103266,2.519025087260565,3.5029139535807285,2,2,2
-5.865424858890821,-4.127505838373309,0.2801010959272226,-0.9767102335609646,1,2,1
0.6090807417390296,-2.9560456239585315,2.751942078074629,3.0702123372068963,1,2,2
-0.09298209355731057,-2.4805330766057025,1.9601223960949863,2.8655051801682836,2,0,2
0.44189343942517034,-3.1796504033694015,1.0560269084615677,1.588752449848282,2,0,2
0.8434708576112226,-2.7856571902237723,2.3024956459715336,2.0561588717439285,0,0,0
0.3200012835664996,-4.566010173109941,2.3234830951332412,2.2922014401098387,0,1,0
0.3802510008897394,-4.189704730011177,1.5970703107318163,3.2495845898685585,2,1,0
-5.791400931911141,-3.8693106841653777,0.29472476178935514,-0.9449315254092875,1,0,1
0.7249068983268885,-2.7912903164390057,2.6132754413482155,4.1423558047018085,0,1,0
-5.202856560383145,-3.3129838256813877,1.9204868634195007,0.5006170242055569,2,2,1
-5.969985752370033,-4.90439050383098,0.2986706778398463,-2.548933626074224,1,2,1
1.385689761808433,-2.1072365009016583,2.4067829150878377,3.1734505575728447,0,1,0
1.451625779330264,-1.8096747673141764,3.2897345452324447,2.9549771194078165,2,1,2
-0.454007959982371,-1.469024386490237,3.975019308202669,2.642174935891041,0,2,0
-5.301913837259815,-3.511029414224446,-1.1835370407335821,-1.6730702964389477,0,2,1
2.5820388503828138,-4.223693016503494,2.838612754222164,3.14109441296487,0,0,0
2.641501453427479,-4.653813723637624,3.11518160111756,2.4931689260507475,0,2,0
1.7492624851778724,-2.7630812595719774,3.7146564786389336,1.6329310948507905,1,2,0
0.06261405007752607,-2.4543670824080577,3.3366405918652817,3.1882255564108712,1,1,0
1.013186060270495,-2.189114092370957,4.048948109853686,3.3379917212750922,0,0,0
0.6139502017270648,-1.6264929397296202,3.1221762185400124,2.072547347882262,0,0,2
-0.8363800804442217,-2.84900739819561,2.836575085214925,1.5661587377562047,2,1,2
-5.671791348100089,-4.817982143724245,1.2079482718868357,-0.027577030635954403,0,2,1
0.49085292721914026,-3.199670529627886,0.5640191534613419,1.374581676750554,0,1,0
-0.4284427642443431,-2.235042560400693,1.8393881796955036,1.981851071143552,1,0,2
1.866204892403184,-5.371729609340534,1.4246485405024771,2.0392778152121958,0,0,0
-0.055998280388118604,-4.007647974436046,3.5871379237396046,2.630350162478581,0,1,0
-0.22600967986293652,-4.239488193992013,2.6991673041420823,2.879968480109088,0,2,0
-1.3250218745283724,-2.4643049229903644,1.4102783738966422,0.15300959754865628,2,0,2
0.5309639181273063,-1.6585080264792844,1.1443079053758838,1.926967130217815,0,1,0
-4.723006249556995,-3.2924393434743306,0.9818682565767389,-0.429067203684244,1,2,1
-5.857738538185854,-2.861006245797274,1.571155602222977,-0.7459527287783793,1,2,1
0.09967765783215768,-2.2351415264485954,3.847458493013863,3.904711622369213,1,2,2
-0.01070994591530456,-1.598397475126276,0.6853783945402374,0.35954193642788135,1,2,2
-3.5535164729241897,-3.8157959568347812,2.1688396037265836,-0.5914083543201198,0,2,1
-4.748426350558979,-4.318875392791685,-1.033320883095018,-0.5049150676476419,1,2,1
1.0769512891295558,-2.4615277902252997,1.697663709087269,1.8041034995869518,2,0,2
-4.407979609034975,-3.9838947004078085,0.18663551079794655,-2.0633447400986733,0,0,1
0.9969118135608921,-3.956817945839144,1.9754925162332218,4.256322000353422,2,0,2
2.481501205229311,-1.079032579006824,3.757591086586866,1.9455878507375544,2,0,2
0.5047422094319647,-2.514914779820557,1.8290679396474459,2.4010470643495547,2,1,2
-5.861900255447081,-3.393338709509773,-0.03532753442318226,1.2810040643788017,1,0,1
1.2280594507208475,-3.953321124670892,0.6617860941104028,0.7487107131823496,0,0,0
0.3690614203403819,-1.3013528318512972,3.778447205532766,2.34509222400621,2,0,2
-5.470219829576459,-7.554951345801738,-1.339942197903562,-0.4969591760897625,1,0,1
-4.687798030414332,-2.259144522983625,0.6931412914110229,-0.3591808909951445,2,2,1
0.5088819738139622,-5.056790359341672,1.940869611223428,2.535471199332972,0,1,0
0.43062519225078894,-2.0514033310824873,3.241200778015162,1.9599668694629626,2,0,2
-5.516522439356074,-3.481572623150805,-1.5534457232035592,-0.28215510842121305,2,2,1
-6.503669186367101,-4.580750982311463,-0.32881585491085263,-1.828237405689689,1,1,1
1.4253730538108287,-2.728687658788252,0.4646460760512938,2.699009511678514,1,1,0
1.7544593767206895,-4.8472727419138355,2.685777230965229,3.0594297515059194,0,1,0
-1.1360208617677285,-3.1686707206516047,1.4081233171265006,1.6028810887500133,0,1,0
0.037290461095705774,-3.2142148729740434,0.49362519606274047,1.3546489037826508,0,0,0
-0.7887800533899745,-3.175306866895264,1.7873743022057926,1.2557925586831324,2,1,2
1.1693646561191686,-1.7693271977688299,2.263406768021197,3.0244914260714206,0,1,0
-1.1873260539233008,-4.715154825270721,2.3717803905133086,1.7517818720052398,2,0,2
-6.097001676138847,-6.003989478197096,-0.5106861424776212,-1.2118012014870994,1,2,1
-7.9877992334383645,-3.289256940094696,0.9388814380104316,-0.6393362068738015,1,0,1
1.4290586713393265,-2.749203455621485,0.5834326169131918,2.1447896732808354,2,0,2
-5.908040432164427,-2.7738487000673655,1.6480610188398925,-2.3704914263753194,1,2,1
-5.799623939139609,-5.990940675575429,0.99779164785892,-0.1948727070970644,1,2,1
-5.866521352886318,-6.166953277924806,0.19276074916730737,-1.1115267736633538,1,2,1
0.5014552990184256,-5.476291663417806,3.8284996280986032,-0.714256759065909,2,2,2
1.1383806418410076,-1.933456211124586,1.3736519326405714,4.110558646544569,0,0,2
0.8204192978537725,-3.3636584129455533,0.8300498777177396,3.8768686623013986,2,0,2
-6.337135697534185,-1.6636182081839692,0.38160135632550995,-0.5406916001494798,1,2,1
0.393562826407883,-2.307351030967842,2.4930133072402096,1.046732089531513,0,1,0
-5.103882638760655,-5.593886215000306,-0.5467434777681948,0.5676408696945895,1,2,1
-0.1051079093621377,-1.393459692836921,1.6016119497188286,2.2488559247753717,1,0,2
-0.10550557155515572,-3.7515271131631733,2.0550788522857943,1.3161514651852038,0,0,2
0.6744511990433336,-1.1370254327971836,2.1813839438498217,2.4348232369368947,2,0,2
-1.497408048927882,-0.8367718407250908,2.9110564426142584,2.7130633869008287,2,2,2
1.3852875326632232,-3.653404665886211,1.8397152652031625,4.1843367889769825,0,1,0
-7.280241968147751,-5.674160633526335,0.49300656894894357,0.17631614467727863,0,0,1
-6.475645718627062,-4.978239847448698,0.02990646788821172,-2.052716412402408,1,0,1
-0.196279445151184,-3.5914771261714353,2.515070791775891,2.874160947529885,0,1,0
1.9801314700509376,-2.962903751276142,2.0927187503806834,1.7860403963478297,0,1,0
1.8143358032832573,-2.380539646420539,2.091705279997355,2.1687780045089293,0,2,0
-4.13431056291165,-6.2261492473381725,-1.6180245349368227,-1.4918986080868604,1,2,1
-1.4062047731228509,-4.083590763090291,1.3361974715734455,2.620589494654811,2,1,0
-6.567982127859018,-2.59451325836704,0.06834681961663219,-2.8832585127438644,1,2,1
0.2394820034055344,-2.4018989392845467,2.4291616685610657,3.011899757686873,2,1,2
0.11907039868039418,-1.559457762848751,1.7360827864074344,0.7808683329867907,2,0,2
0.6247411873820317,-4.940399122842661,3.6719800925273853,1.1509252340804077,0,0,2
-0.9135891348571434,-1.2656218142613698,1.2880948064620645,3.937604910971859,2,1,2
-0.26477858221798045,-4.001110518360753,2.1216831824276525,3.2479998602736915,2,0,2
1.9158966369148012,-1.93222722545955,1.2307305679060343,0.9618587426280127,0,0,0
-5.9583297002123805,-4.301782665590426,1.8507024602108983,-1.0629376688085834,1,1,1
-5.7434578113875006,-1.4614083755280376,-0.9937944460185113,0.5232867894593868,1,2,1
-0.6377242352766452,-2.5481462691932144,3.517147952289378,0.8360026361923083,2,0,2
-4.85376923348702,-3.809125107629172,1.1792992192460892,-1.3958854343606935,1,2,1
1.2829020233457928,-4.078834919550485,3.129803888726644,2.7717682381873883,0,0,0
0.08147034060828559,-1.7403678323732983,2.7327864575461858,3.1180645224185315,1,0,2
-6.4974726861745316,-3.966790366988241,-0.6884413427883631,-0.4937040566832267,1,1,1
-0.3656897183767265,-1.4381356994206627,3.9803489283050753,4.180914749469253,0,0,0
0.2062552581993953,-4.273617678216862,1.9243744273697745,3.1052500986566733,0,0,2
-7.0053544072382765,-4.1469757176572974,0.4855525067424303,-0.8697390606907369,1,2,1
-6.434826915163756,-4.27200811470118,-0.9923923790996954,-1.5770988851502252,1,2,1
-0.689906863400342,-1.9189181233919812,2.099877721726906,2.5813233671387197,2,1,2
-2.1580928601272693,-1.7898955746836118,3.8599225908060784,2.977934218270825,2,1,2
-3.948045351897039,-3.8709620436023293,2.137212236202937,-1.0420264266842385,2,1,1
0.7830645885755674,-4.9508581445690165,3.179650578987856,2.2166934363649102,0,1,0
-6.114005388962359,-3.0666159154541566,0.6204765982211022,-1.0536859330309194,1,2,1
-5.3845527874553065,-3.248650510153775,3.094266736720182,-1.1625323351212373,0,2,1
0.40190851019175666,-3.9337250469693643,2.8673330099948675,3.950666441894533,1,1,0
1.3709264768207055,-3.781878259788138,1.8882997408543,2.4399562551753124,2,1,0
-7.081105446784006,-4.8330716317441045,1.868439996235707,-2.007008827868384,0,2,1
-5.516704627271636,-4.822361997883392,-0.28839081417782075,0.5286658571392885,2,2,1
-0.6340838293190477,-3.0875579138362657,3.244485080697194,0.9949933949630005,0,0,2
0.6279025057076022,-2.6659867394127907,1.9426805318729592,3.7572412746387904,1,1,0
-0.6797479568473708,-2.091311999811083,2.8332978977313736,2.962779812389045,2,0,2
1.0444257607361798,-2.137212807698429,1.7520579888802197,1.6367503827566168,0,0,0
1.3489173137299126,-3.4961083899515857,2.1175306229033306,1.4467983408036595,2,1,0
-5.096857402331703,-3.52769591712856,-0.8512918774096225,0.4935770141554977,0,2,1
-0.12092687477734687,-3.132036969509754,2.040663573056215,1.6058032250695107,1,2,0
-0.49231348959255655,-2.742429339148,1.9939856742020372,2.9220790845019957,2,0,2
-0.01946644074658299,-3.3253898765891168,1.3013315325087906,2.482661073273079,0,1,0
0.04227597351613741,-3.3274874422686525,2.7241874053361106,1.5393322645879917,2,2,2
0.5687015459519862,-3.7200437391074788,2.670564025315516,2.4806981367733156,2,0,2
-5.850112274761553,-3.5663285437186163,1.053600451704046,-1.3235692399283563,1,2,1
-7.714950719204021,-3.877428574010285,0.414438487534555,-1.0663386324558675,0,2,1
0.2815920209440682,-2.312448633109996,3.7227803160523303,2.8843001871803855,2,1,2
1.3948978981692028,-2.6734211426915424,2.9167386963921578,2.723208664664218,1,1,0
0.724227398241037,-4.233340360643335,2.830914729895849,3.3462015244597274,0,0,0
-1.4551950201231938,-1.4364535281570014,2.5439993492376525,1.2224447110711245,2,0,2
-5.078610862096138,-3.945076782430367,2.1231692514328677,-1.4309602557336676,1,2,1
0.47349881769355157,-3.087844644750552,2.5202670350979726,2.202028215045028,1,1,0
-6.838263598272335,-4.767380199110525,2.840945301577748,0.8530141707164,2,1,1
-7.037233897859782,-3.8200329786654925,0.7105310782911709,-1.741253607488661,1,1,1
-5.297030292138358,-3.7292771536380984,0.6747526263492358,0.5248836152223489,2,0,1
-0.49647285097170013,-1.578940911048918,2.919367090231965,1.635818599690537,0,0,2
-4.890144992712061,-4.631149572104679,-0.4702380130855557,-0.4890218220157591,1,2,1
-0.4147807654061082,-2.4317693070642545,2.5746852501502167,3.0648682142277797,2,0,2
0.8528268934344467,-4.172850829425435,1.9168974150634952,4.1217387438726,0,0,0
0.6759774952886288,-3.3863398087304417,2.483523477045628,2.2663669303546254,0,1,0
-5.478719114255246,-3.274557036825559,-1.020747888588893,-0.6176876220345511,1,1,1
0.2511488343000377,-1.5436165662378105,0.9798583590062404,2.3254712909136086,2,0,2
0.08471997935521566,-2.109111109298908,2.4107745119446014,0.7183249157020573,2,0,2
0.8722362502749864,-1.8990942909304052,4.554638801323896,1.5699364889761847,2,0,2
0.23155239488129079,-3.2578122187055696,2.548873521887751,0.7353234310101313,0,2,2
0.2743997065135463,-4.046528260127012,1.8615437842636038,1.4450080016173326,0,1,0
-6.159671187248566,-4.499758705457314,0.057976197982324285,-0.438829528554211,1,1,1
-1.432352503876499,-3.0910092766634976,1.3891339539104328,2.7435878219663965,2,0,2
1.184843915797406,-2.545776191177067,3.743134413546211,2.6103344815062104,2,0,2
-0.5719421172992497,-3.5030853074427424,3.9393522732405164,2.966797347314194,1,0,2
-5.792637117844141,-3.656092220326194,-0.9428748938166926,-0.9719614878811128,1,1,1
-0.3777089027678904,-2.7072041872684944,2.074722499163416,1.8903636530453778,2,0,2
-6.228050255810644,-3.533486202152776,-0.24007947975635657,-0.9253724609161912,2,2,1
